-- 角色
insert  into `role`(`id`,`name`,`comment`) values (1,'admin','管理员'),(2,'test','测试人员'),(3,'dev','开发人员');

-- 用户
INSERT INTO `user` (`id`, `username`, `password`, `screen_name`, `create_time`, `enabled`) VALUES (1, 'admin', '7b18f9e91f009c2473b5ed3513549c08', '管理员', NOW(), 1);
INSERT INTO `user_rel_role` (`user_id`, `role_id`) VALUES (1, 1);

-- 操作动作
insert  into `tag_action`(`id`,`name`,`enabled`) values (1,'打开',1),(2,'点击',1),(3,'拖动',1),(4,'出现',1),(5,'输入',1),(6,'长按',1),(7,'双指放大',1),(8,'双指缩小',1),(9,'双击放大',1),(10,'双触缩小',1),(11,'连击上移放大',1),(12,'连击下移缩小',1),(13,'点击/拖动',1),(14,'提交',1),(15,'返回',1);

-- 操作目标
insert  into `tag_target`(`id`,`name`,`enabled`) values (1,'页面',1),(2,'按钮',1),(3,'临时层',1),(4,'功能',1),(5,'条目',1),(6,'地图',1),(7,'地图按钮',1),(8,'输入框',1),(9,'请求',1),(10,'结果',1);

-- 页面信息
insert into `page_info` (`id`, `page_no`, `name`, `create_time`, `update_time`) values('1','1','首页',NOW(),NOW());
insert into `page_info` (`id`, `page_no`, `name`, `create_time`, `update_time`) values('2','2','搜索输入页',NOW(),NOW());
insert into `page_info` (`id`, `page_no`, `name`, `create_time`, `update_time`) values('3','3','搜索详情页',NOW(),NOW());
insert into `page_info` (`id`, `page_no`, `name`, `create_time`, `update_time`) values('4','4','搜索结果页',NOW(),NOW());
insert into `page_info` (`id`, `page_no`, `name`, `create_time`, `update_time`) values('5','5','周边搜索页(单独页)',NOW(),NOW());
insert into `page_info` (`id`, `page_no`, `name`, `create_time`, `update_time`) values('6','6','线路详情页面(线路单独页)',NOW(),NOW());
insert into `page_info` (`id`, `page_no`, `name`, `create_time`, `update_time`) values('7','7','搜索团购详情页(团购单独页)',NOW(),NOW());
insert into `page_info` (`id`, `page_no`, `name`, `create_time`, `update_time`) values('8','8','第三方页',NOW(),NOW());
insert into `page_info` (`id`, `page_no`, `name`, `create_time`, `update_time`) values('9','9','线路输入页',NOW(),NOW());
insert into `page_info` (`id`, `page_no`, `name`, `create_time`, `update_time`) values('10','10','路线浮层',NOW(),NOW());
insert into `page_info` (`id`, `page_no`, `name`, `create_time`, `update_time`) values('11','11','地图选点页',NOW(),NOW());
insert into `page_info` (`id`, `page_no`, `name`, `create_time`, `update_time`) values('12','12','收藏选点页',NOW(),NOW());
insert into `page_info` (`id`, `page_no`, `name`, `create_time`, `update_time`) values('13','13','起点确认页面',NOW(),NOW());
insert into `page_info` (`id`, `page_no`, `name`, `create_time`, `update_time`) values('14','14','自驾方案页',NOW(),NOW());
insert into `page_info` (`id`, `page_no`, `name`, `create_time`, `update_time`) values('15','15','导航页',NOW(),NOW());
insert into `page_info` (`id`, `page_no`, `name`, `create_time`, `update_time`) values('16','16','导航总结页',NOW(),NOW());
insert into `page_info` (`id`, `page_no`, `name`, `create_time`, `update_time`) values('17','17','公交方案页面',NOW(),NOW());
insert into `page_info` (`id`, `page_no`, `name`, `create_time`, `update_time`) values('18','18','公交方案详情页面',NOW(),NOW());
insert into `page_info` (`id`, `page_no`, `name`, `create_time`, `update_time`) values('19','19','步行方案详情页面',NOW(),NOW());
insert into `page_info` (`id`, `page_no`, `name`, `create_time`, `update_time`) values('20','20','账号登录页',NOW(),NOW());
insert into `page_info` (`id`, `page_no`, `name`, `create_time`, `update_time`) values('21','21','注册页',NOW(),NOW());
insert into `page_info` (`id`, `page_no`, `name`, `create_time`, `update_time`) values('22','22','验证码输入页',NOW(),NOW());
insert into `page_info` (`id`, `page_no`, `name`, `create_time`, `update_time`) values('23','23','我的消息页',NOW(),NOW());
insert into `page_info` (`id`, `page_no`, `name`, `create_time`, `update_time`) values('24','24','我的积分页',NOW(),NOW());
insert into `page_info` (`id`, `page_no`, `name`, `create_time`, `update_time`) values('25','25','积分规则页',NOW(),NOW());
insert into `page_info` (`id`, `page_no`, `name`, `create_time`, `update_time`) values('26','26','积分商城页',NOW(),NOW());
insert into `page_info` (`id`, `page_no`, `name`, `create_time`, `update_time`) values('27','27','商品详情页',NOW(),NOW());
insert into `page_info` (`id`, `page_no`, `name`, `create_time`, `update_time`) values('28','28','我的奖品页',NOW(),NOW());
insert into `page_info` (`id`, `page_no`, `name`, `create_time`, `update_time`) values('29','29','领取界面页',NOW(),NOW());
insert into `page_info` (`id`, `page_no`, `name`, `create_time`, `update_time`) values('30','30','领取成功界面',NOW(),NOW());
insert into `page_info` (`id`, `page_no`, `name`, `create_time`, `update_time`) values('31','31','添加车辆页',NOW(),NOW());
insert into `page_info` (`id`, `page_no`, `name`, `create_time`, `update_time`) values('32','32','选择查询地',NOW(),NOW());
insert into `page_info` (`id`, `page_no`, `name`, `create_time`, `update_time`) values('33','33','选择品牌',NOW(),NOW());
insert into `page_info` (`id`, `page_no`, `name`, `create_time`, `update_time`) values('34','34','选择车型',NOW(),NOW());
insert into `page_info` (`id`, `page_no`, `name`, `create_time`, `update_time`) values('35','35','违章记录详情页',NOW(),NOW());
insert into `page_info` (`id`, `page_no`, `name`, `create_time`, `update_time`) values('36','36','编辑车辆页面',NOW(),NOW());
insert into `page_info` (`id`, `page_no`, `name`, `create_time`, `update_time`) values('37','37','路况电台页',NOW(),NOW());
insert into `page_info` (`id`, `page_no`, `name`, `create_time`, `update_time`) values('38','38','上下班提醒页',NOW(),NOW());
insert into `page_info` (`id`, `page_no`, `name`, `create_time`, `update_time`) values('39','40','活动专区',NOW(),NOW());
insert into `page_info` (`id`, `page_no`, `name`, `create_time`, `update_time`) values('40','41','活动详情页',NOW(),NOW());
insert into `page_info` (`id`, `page_no`, `name`, `create_time`, `update_time`) values('41','42','离线地图页',NOW(),NOW());
insert into `page_info` (`id`, `page_no`, `name`, `create_time`, `update_time`) values('42','43','地铁图页面',NOW(),NOW());
insert into `page_info` (`id`, `page_no`, `name`, `create_time`, `update_time`) values('43','44','叫车页面',NOW(),NOW());
insert into `page_info` (`id`, `page_no`, `name`, `create_time`, `update_time`) values('44','45','专题页面',NOW(),NOW());
insert into `page_info` (`id`, `page_no`, `name`, `create_time`, `update_time`) values('45','46','专题详情页',NOW(),NOW());
insert into `page_info` (`id`, `page_no`, `name`, `create_time`, `update_time`) values('46','47','意见反馈页',NOW(),NOW());
insert into `page_info` (`id`, `page_no`, `name`, `create_time`, `update_time`) values('47','48','设置页',NOW(),NOW());
insert into `page_info` (`id`, `page_no`, `name`, `create_time`, `update_time`) values('48','49','关于页',NOW(),NOW());
insert into `page_info` (`id`, `page_no`, `name`, `create_time`, `update_time`) values('49','50','城市列表页',NOW(),NOW());
insert into `page_info` (`id`, `page_no`, `name`, `create_time`, `update_time`) values('50','51','我的里程',NOW(),NOW());
insert into `page_info` (`id`, `page_no`, `name`, `create_time`, `update_time`) values('51','52','导航轨迹详情页',NOW(),NOW());
insert into `page_info` (`id`, `page_no`, `name`, `create_time`, `update_time`) values('52','53','收藏夹页',NOW(),NOW());
insert into `page_info` (`id`, `page_no`, `name`, `create_time`, `update_time`) values('53','54','收藏点详情页',NOW(),NOW());
insert into `page_info` (`id`, `page_no`, `name`, `create_time`, `update_time`) values('54','55','是否继续导航',NOW(),NOW());
insert into `page_info` (`id`, `page_no`, `name`, `create_time`, `update_time`) values('55','56','离线导航资源页',NOW(),NOW());
insert into `page_info` (`id`, `page_no`, `name`, `create_time`, `update_time`) values('56','57','Android长按弹框',NOW(),NOW());
insert into `page_info` (`id`, `page_no`, `name`, `create_time`, `update_time`) values('57','58','省份列表页',NOW(),NOW());

-- 操作项信息
insert into `tag_info` (`id`, `tag_no`, `name`, `page_info_id`, `page_no`, `action_id`, `target_id`, `comment`, `origin_version`, `inspect_status`, `create_time`, `update_time`) values('1','1','首页打开','1','1','1','1',NULL,'60200000',NULL,NOW(),NOW());
insert into `tag_info` (`id`, `tag_no`, `name`, `page_info_id`, `page_no`, `action_id`, `target_id`, `comment`, `origin_version`, `inspect_status`, `create_time`, `update_time`) values('2','2','点击搜索框','1','1','2','2',NULL,'60200000',NULL,NOW(),NOW());
insert into `tag_info` (`id`, `tag_no`, `name`, `page_info_id`, `page_no`, `action_id`, `target_id`, `comment`, `origin_version`, `inspect_status`, `create_time`, `update_time`) values('3','3','点击语音按钮','1','1','2','2',NULL,'60200000',NULL,NOW(),NOW());
insert into `tag_info` (`id`, `tag_no`, `name`, `page_info_id`, `page_no`, `action_id`, `target_id`, `comment`, `origin_version`, `inspect_status`, `create_time`, `update_time`) values('4','4','点击身边tab','1','1','2','2',NULL,'60200000',NULL,NOW(),NOW());
insert into `tag_info` (`id`, `tag_no`, `name`, `page_info_id`, `page_no`, `action_id`, `target_id`, `comment`, `origin_version`, `inspect_status`, `create_time`, `update_time`) values('5','5','点击路线tab','1','1','2','2',NULL,'60200000',NULL,NOW(),NOW());
insert into `tag_info` (`id`, `tag_no`, `name`, `page_info_id`, `page_no`, `action_id`, `target_id`, `comment`, `origin_version`, `inspect_status`, `create_time`, `update_time`) values('6','6','点击导航tab','1','1','2','2',NULL,'60200000',NULL,NOW(),NOW());
insert into `tag_info` (`id`, `tag_no`, `name`, `page_info_id`, `page_no`, `action_id`, `target_id`, `comment`, `origin_version`, `inspect_status`, `create_time`, `update_time`) values('7','7','点击服务tab','1','1','2','2',NULL,'60200000',NULL,NOW(),NOW());
insert into `tag_info` (`id`, `tag_no`, `name`, `page_info_id`, `page_no`, `action_id`, `target_id`, `comment`, `origin_version`, `inspect_status`, `create_time`, `update_time`) values('8','8','出现消息框','1','1','4','5',NULL,'60200000',NULL,NOW(),NOW());
insert into `tag_info` (`id`, `tag_no`, `name`, `page_info_id`, `page_no`, `action_id`, `target_id`, `comment`, `origin_version`, `inspect_status`, `create_time`, `update_time`) values('9','9','点击消息框','1','1','2','2',NULL,'60200000',NULL,NOW(),NOW());
insert into `tag_info` (`id`, `tag_no`, `name`, `page_info_id`, `page_no`, `action_id`, `target_id`, `comment`, `origin_version`, `inspect_status`, `create_time`, `update_time`) values('10','10','关闭消息框','1','1','2','2',NULL,'60200000',NULL,NOW(),NOW());
insert into `tag_info` (`id`, `tag_no`, `name`, `page_info_id`, `page_no`, `action_id`, `target_id`, `comment`, `origin_version`, `inspect_status`, `create_time`, `update_time`) values('11','11','身边tab页面打开','1','1','1','1',NULL,'60200000',NULL,NOW(),NOW());
insert into `tag_info` (`id`, `tag_no`, `name`, `page_info_id`, `page_no`, `action_id`, `target_id`, `comment`, `origin_version`, `inspect_status`, `create_time`, `update_time`) values('12','12','点击/拖动蒙灰区域(身边tab页)','1','1','13','2',NULL,'60200000',NULL,NOW(),NOW());
insert into `tag_info` (`id`, `tag_no`, `name`, `page_info_id`, `page_no`, `action_id`, `target_id`, `comment`, `origin_version`, `inspect_status`, `create_time`, `update_time`) values('13','13','再次点击身边tab收起(身边tab页)','1','1','2','2',NULL,'60200000',NULL,NOW(),NOW());
insert into `tag_info` (`id`, `tag_no`, `name`, `page_info_id`, `page_no`, `action_id`, `target_id`, `comment`, `origin_version`, `inspect_status`, `create_time`, `update_time`) values('14','14','点击搜索框(身边tab页)','1','1','2','2',NULL,'60200000',NULL,NOW(),NOW());
insert into `tag_info` (`id`, `tag_no`, `name`, `page_info_id`, `page_no`, `action_id`, `target_id`, `comment`, `origin_version`, `inspect_status`, `create_time`, `update_time`) values('15','15','点击语音按钮(身边tab页)','1','1','2','2',NULL,'60200000',NULL,NOW(),NOW());
insert into `tag_info` (`id`, `tag_no`, `name`, `page_info_id`, `page_no`, `action_id`, `target_id`, `comment`, `origin_version`, `inspect_status`, `create_time`, `update_time`) values('16','16','点击历史记录(身边tab页)','1','1','2','2',NULL,'60200000',NULL,NOW(),NOW());
insert into `tag_info` (`id`, `tag_no`, `name`, `page_info_id`, `page_no`, `action_id`, `target_id`, `comment`, `origin_version`, `inspect_status`, `create_time`, `update_time`) values('17','17','点击热词(身边tab页)','1','1','2','2',NULL,'60200000',NULL,NOW(),NOW());
insert into `tag_info` (`id`, `tag_no`, `name`, `page_info_id`, `page_no`, `action_id`, `target_id`, `comment`, `origin_version`, `inspect_status`, `create_time`, `update_time`) values('18','18','点击分类词(身边tab页)','1','1','2','2',NULL,'60200000',NULL,NOW(),NOW());
insert into `tag_info` (`id`, `tag_no`, `name`, `page_info_id`, `page_no`, `action_id`, `target_id`, `comment`, `origin_version`, `inspect_status`, `create_time`, `update_time`) values('19','62','出现广告图(身边tab页)','1','1','4','5',NULL,'60200000',NULL,NOW(),NOW());
insert into `tag_info` (`id`, `tag_no`, `name`, `page_info_id`, `page_no`, `action_id`, `target_id`, `comment`, `origin_version`, `inspect_status`, `create_time`, `update_time`) values('20','63','点击广告图(身边tab页)','1','1','2','2',NULL,'60200000',NULL,NOW(),NOW());
insert into `tag_info` (`id`, `tag_no`, `name`, `page_info_id`, `page_no`, `action_id`, `target_id`, `comment`, `origin_version`, `inspect_status`, `create_time`, `update_time`) values('21','19','路线tab页面打开','1','1','1','1',NULL,'60200000',NULL,NOW(),NOW());
insert into `tag_info` (`id`, `tag_no`, `name`, `page_info_id`, `page_no`, `action_id`, `target_id`, `comment`, `origin_version`, `inspect_status`, `create_time`, `update_time`) values('22','20','点击公交(路线tab页)','1','1','2','2',NULL,'60200000',NULL,NOW(),NOW());
insert into `tag_info` (`id`, `tag_no`, `name`, `page_info_id`, `page_no`, `action_id`, `target_id`, `comment`, `origin_version`, `inspect_status`, `create_time`, `update_time`) values('23','21','点击自驾(路线tab页)','1','1','2','2',NULL,'60200000',NULL,NOW(),NOW());
insert into `tag_info` (`id`, `tag_no`, `name`, `page_info_id`, `page_no`, `action_id`, `target_id`, `comment`, `origin_version`, `inspect_status`, `create_time`, `update_time`) values('24','22','点击步行(路线tab页)','1','1','2','2',NULL,'60200000',NULL,NOW(),NOW());
insert into `tag_info` (`id`, `tag_no`, `name`, `page_info_id`, `page_no`, `action_id`, `target_id`, `comment`, `origin_version`, `inspect_status`, `create_time`, `update_time`) values('25','23','点击顶部区域路线查询页入口(路线tab页)','1','1','2','2',NULL,'60200000',NULL,NOW(),NOW());
insert into `tag_info` (`id`, `tag_no`, `name`, `page_info_id`, `page_no`, `action_id`, `target_id`, `comment`, `origin_version`, `inspect_status`, `create_time`, `update_time`) values('26','24','点击回家(路线tab页)','1','1','2','2',NULL,'60200000',NULL,NOW(),NOW());
insert into `tag_info` (`id`, `tag_no`, `name`, `page_info_id`, `page_no`, `action_id`, `target_id`, `comment`, `origin_version`, `inspect_status`, `create_time`, `update_time`) values('27','25','点击去公司(路线tab页)','1','1','2','2',NULL,'60200000',NULL,NOW(),NOW());
insert into `tag_info` (`id`, `tag_no`, `name`, `page_info_id`, `page_no`, `action_id`, `target_id`, `comment`, `origin_version`, `inspect_status`, `create_time`, `update_time`) values('28','26','点击地图选点(路线tab页)','1','1','2','2',NULL,'60200000',NULL,NOW(),NOW());
insert into `tag_info` (`id`, `tag_no`, `name`, `page_info_id`, `page_no`, `action_id`, `target_id`, `comment`, `origin_version`, `inspect_status`, `create_time`, `update_time`) values('29','27','点击收藏选点(路线tab页)','1','1','2','2',NULL,'60200000',NULL,NOW(),NOW());
insert into `tag_info` (`id`, `tag_no`, `name`, `page_info_id`, `page_no`, `action_id`, `target_id`, `comment`, `origin_version`, `inspect_status`, `create_time`, `update_time`) values('30','28','点击/拖动蒙黑区域(路线tab页)','1','1','13','2',NULL,'60200000',NULL,NOW(),NOW());
insert into `tag_info` (`id`, `tag_no`, `name`, `page_info_id`, `page_no`, `action_id`, `target_id`, `comment`, `origin_version`, `inspect_status`, `create_time`, `update_time`) values('31','29','再次点击路线tab收起(路线tab页)','1','1','2','2',NULL,'60200000',NULL,NOW(),NOW());
insert into `tag_info` (`id`, `tag_no`, `name`, `page_info_id`, `page_no`, `action_id`, `target_id`, `comment`, `origin_version`, `inspect_status`, `create_time`, `update_time`) values('32','30','服务tab页面打开','1','1','1','1',NULL,'60200000',NULL,NOW(),NOW());
insert into `tag_info` (`id`, `tag_no`, `name`, `page_info_id`, `page_no`, `action_id`, `target_id`, `comment`, `origin_version`, `inspect_status`, `create_time`, `update_time`) values('33','31','点击登录与注册(服务tab页)','1','1','2','2',NULL,'60200000',NULL,NOW(),NOW());
insert into `tag_info` (`id`, `tag_no`, `name`, `page_info_id`, `page_no`, `action_id`, `target_id`, `comment`, `origin_version`, `inspect_status`, `create_time`, `update_time`) values('34','32','点击消息(服务tab页)','1','1','2','2',NULL,'60200000',NULL,NOW(),NOW());
insert into `tag_info` (`id`, `tag_no`, `name`, `page_info_id`, `page_no`, `action_id`, `target_id`, `comment`, `origin_version`, `inspect_status`, `create_time`, `update_time`) values('35','33','显示里程(服务tab页)','1','1','4','2',NULL,'60200000',NULL,NOW(),NOW());
insert into `tag_info` (`id`, `tag_no`, `name`, `page_info_id`, `page_no`, `action_id`, `target_id`, `comment`, `origin_version`, `inspect_status`, `create_time`, `update_time`) values('36','34','点击里程(服务tab页)','1','1','2','2',NULL,'60200000',NULL,NOW(),NOW());
insert into `tag_info` (`id`, `tag_no`, `name`, `page_info_id`, `page_no`, `action_id`, `target_id`, `comment`, `origin_version`, `inspect_status`, `create_time`, `update_time`) values('37','35','点击积分(服务tab页)','1','1','2','2',NULL,'60200000',NULL,NOW(),NOW());
insert into `tag_info` (`id`, `tag_no`, `name`, `page_info_id`, `page_no`, `action_id`, `target_id`, `comment`, `origin_version`, `inspect_status`, `create_time`, `update_time`) values('38','36','点击奖品(服务tab页)','1','1','2','2',NULL,'60200000',NULL,NOW(),NOW());
insert into `tag_info` (`id`, `tag_no`, `name`, `page_info_id`, `page_no`, `action_id`, `target_id`, `comment`, `origin_version`, `inspect_status`, `create_time`, `update_time`) values('39','37','点击我的收藏(服务tab页)','1','1','2','2',NULL,'60200000',NULL,NOW(),NOW());
insert into `tag_info` (`id`, `tag_no`, `name`, `page_info_id`, `page_no`, `action_id`, `target_id`, `comment`, `origin_version`, `inspect_status`, `create_time`, `update_time`) values('40','38','点击我的违章(服务tab页)','1','1','2','2',NULL,'60200000',NULL,NOW(),NOW());
insert into `tag_info` (`id`, `tag_no`, `name`, `page_info_id`, `page_no`, `action_id`, `target_id`, `comment`, `origin_version`, `inspect_status`, `create_time`, `update_time`) values('41','39','点击路况电台(服务tab页)','1','1','2','2',NULL,'60200000',NULL,NOW(),NOW());
insert into `tag_info` (`id`, `tag_no`, `name`, `page_info_id`, `page_no`, `action_id`, `target_id`, `comment`, `origin_version`, `inspect_status`, `create_time`, `update_time`) values('42','40','点击上下班提醒(服务tab页)','1','1','2','2',NULL,'60200000',NULL,NOW(),NOW());
insert into `tag_info` (`id`, `tag_no`, `name`, `page_info_id`, `page_no`, `action_id`, `target_id`, `comment`, `origin_version`, `inspect_status`, `create_time`, `update_time`) values('43','41','点击活动专区(服务tab页)','1','1','2','2',NULL,'60200000',NULL,NOW(),NOW());
insert into `tag_info` (`id`, `tag_no`, `name`, `page_info_id`, `page_no`, `action_id`, `target_id`, `comment`, `origin_version`, `inspect_status`, `create_time`, `update_time`) values('44','42','点击离线地图(服务tab页)','1','1','2','2',NULL,'60200000',NULL,NOW(),NOW());
insert into `tag_info` (`id`, `tag_no`, `name`, `page_info_id`, `page_no`, `action_id`, `target_id`, `comment`, `origin_version`, `inspect_status`, `create_time`, `update_time`) values('45','43','点击地铁图(服务tab页)','1','1','2','2',NULL,'60200000',NULL,NOW(),NOW());
insert into `tag_info` (`id`, `tag_no`, `name`, `page_info_id`, `page_no`, `action_id`, `target_id`, `comment`, `origin_version`, `inspect_status`, `create_time`, `update_time`) values('46','44','点击叫车(服务tab页)','1','1','2','2',NULL,'60200000',NULL,NOW(),NOW());
insert into `tag_info` (`id`, `tag_no`, `name`, `page_info_id`, `page_no`, `action_id`, `target_id`, `comment`, `origin_version`, `inspect_status`, `create_time`, `update_time`) values('47','45','点击专题(服务tab页)','1','1','2','2',NULL,'60200000',NULL,NOW(),NOW());
insert into `tag_info` (`id`, `tag_no`, `name`, `page_info_id`, `page_no`, `action_id`, `target_id`, `comment`, `origin_version`, `inspect_status`, `create_time`, `update_time`) values('48','46','点击精品推荐(服务tab页)','1','1','2','2',NULL,'60200000',NULL,NOW(),NOW());
insert into `tag_info` (`id`, `tag_no`, `name`, `page_info_id`, `page_no`, `action_id`, `target_id`, `comment`, `origin_version`, `inspect_status`, `create_time`, `update_time`) values('49','47','点击意见反馈(服务tab页)','1','1','2','2',NULL,'60200000',NULL,NOW(),NOW());
insert into `tag_info` (`id`, `tag_no`, `name`, `page_info_id`, `page_no`, `action_id`, `target_id`, `comment`, `origin_version`, `inspect_status`, `create_time`, `update_time`) values('50','48','点击设置(服务tab页)','1','1','2','2',NULL,'60200000',NULL,NOW(),NOW());
insert into `tag_info` (`id`, `tag_no`, `name`, `page_info_id`, `page_no`, `action_id`, `target_id`, `comment`, `origin_version`, `inspect_status`, `create_time`, `update_time`) values('51','49','点击/拖动蒙黑区域(服务tab页)','1','1','13','2',NULL,'60200000',NULL,NOW(),NOW());
insert into `tag_info` (`id`, `tag_no`, `name`, `page_info_id`, `page_no`, `action_id`, `target_id`, `comment`, `origin_version`, `inspect_status`, `create_time`, `update_time`) values('52','50','点击退出登录(服务tab页)','1','1','2','2',NULL,'60200000',NULL,NOW(),NOW());
insert into `tag_info` (`id`, `tag_no`, `name`, `page_info_id`, `page_no`, `action_id`, `target_id`, `comment`, `origin_version`, `inspect_status`, `create_time`, `update_time`) values('53','64','显示离线导航资源(服务tab页)','1','1','4','2',NULL,'60200000',NULL,NOW(),NOW());
insert into `tag_info` (`id`, `tag_no`, `name`, `page_info_id`, `page_no`, `action_id`, `target_id`, `comment`, `origin_version`, `inspect_status`, `create_time`, `update_time`) values('54','65','点击离线导航资源(服务tab页)','1','1','2','2',NULL,'60200000',NULL,NOW(),NOW());
insert into `tag_info` (`id`, `tag_no`, `name`, `page_info_id`, `page_no`, `action_id`, `target_id`, `comment`, `origin_version`, `inspect_status`, `create_time`, `update_time`) values('55','51','导航tab页打开','1','1','1','1',NULL,'60200000',NULL,NOW(),NOW());
insert into `tag_info` (`id`, `tag_no`, `name`, `page_info_id`, `page_no`, `action_id`, `target_id`, `comment`, `origin_version`, `inspect_status`, `create_time`, `update_time`) values('56','52','点击搜索框(导航tab页)','1','1','2','2',NULL,'60200000',NULL,NOW(),NOW());
insert into `tag_info` (`id`, `tag_no`, `name`, `page_info_id`, `page_no`, `action_id`, `target_id`, `comment`, `origin_version`, `inspect_status`, `create_time`, `update_time`) values('57','53','点击语音按钮(导航tab页)','1','1','2','2',NULL,'60200000',NULL,NOW(),NOW());
insert into `tag_info` (`id`, `tag_no`, `name`, `page_info_id`, `page_no`, `action_id`, `target_id`, `comment`, `origin_version`, `inspect_status`, `create_time`, `update_time`) values('58','54','点击回家(导航tab页)','1','1','2','2',NULL,'60200000',NULL,NOW(),NOW());
insert into `tag_info` (`id`, `tag_no`, `name`, `page_info_id`, `page_no`, `action_id`, `target_id`, `comment`, `origin_version`, `inspect_status`, `create_time`, `update_time`) values('59','55','点击去公司(导航tab页)','1','1','2','2',NULL,'60200000',NULL,NOW(),NOW());
insert into `tag_info` (`id`, `tag_no`, `name`, `page_info_id`, `page_no`, `action_id`, `target_id`, `comment`, `origin_version`, `inspect_status`, `create_time`, `update_time`) values('60','56','显示上班路况(导航tab页)','1','1','4','2',NULL,'60200000',NULL,NOW(),NOW());
insert into `tag_info` (`id`, `tag_no`, `name`, `page_info_id`, `page_no`, `action_id`, `target_id`, `comment`, `origin_version`, `inspect_status`, `create_time`, `update_time`) values('61','57','显示下班路况(导航tab页)','1','1','4','2',NULL,'60200000',NULL,NOW(),NOW());
insert into `tag_info` (`id`, `tag_no`, `name`, `page_info_id`, `page_no`, `action_id`, `target_id`, `comment`, `origin_version`, `inspect_status`, `create_time`, `update_time`) values('62','58','点击地图选点(导航tab页)','1','1','2','2',NULL,'60200000',NULL,NOW(),NOW());
insert into `tag_info` (`id`, `tag_no`, `name`, `page_info_id`, `page_no`, `action_id`, `target_id`, `comment`, `origin_version`, `inspect_status`, `create_time`, `update_time`) values('63','59','点击收藏选点(导航tab页)','1','1','2','2',NULL,'60200000',NULL,NOW(),NOW());
insert into `tag_info` (`id`, `tag_no`, `name`, `page_info_id`, `page_no`, `action_id`, `target_id`, `comment`, `origin_version`, `inspect_status`, `create_time`, `update_time`) values('64','60','点击/拖动蒙黑区域(导航tab页)','1','1','13','2',NULL,'60200000',NULL,NOW(),NOW());
insert into `tag_info` (`id`, `tag_no`, `name`, `page_info_id`, `page_no`, `action_id`, `target_id`, `comment`, `origin_version`, `inspect_status`, `create_time`, `update_time`) values('65','61','再次点击导航tab收起(导航tab页)','1','1','2','2',NULL,'60200000',NULL,NOW(),NOW());
insert into `tag_info` (`id`, `tag_no`, `name`, `page_info_id`, `page_no`, `action_id`, `target_id`, `comment`, `origin_version`, `inspect_status`, `create_time`, `update_time`) values('66','1','搜索输入页面打开','2','2','1','1',NULL,'60200000',NULL,NOW(),NOW());
insert into `tag_info` (`id`, `tag_no`, `name`, `page_info_id`, `page_no`, `action_id`, `target_id`, `comment`, `origin_version`, `inspect_status`, `create_time`, `update_time`) values('67','2','点击返回','2','2','2','2',NULL,'60200000',NULL,NOW(),NOW());
insert into `tag_info` (`id`, `tag_no`, `name`, `page_info_id`, `page_no`, `action_id`, `target_id`, `comment`, `origin_version`, `inspect_status`, `create_time`, `update_time`) values('68','3','输入文字','2','2','5','8',NULL,'60200000',NULL,NOW(),NOW());
insert into `tag_info` (`id`, `tag_no`, `name`, `page_info_id`, `page_no`, `action_id`, `target_id`, `comment`, `origin_version`, `inspect_status`, `create_time`, `update_time`) values('69','4','清除文字','2','2','2','2',NULL,'60200000',NULL,NOW(),NOW());
insert into `tag_info` (`id`, `tag_no`, `name`, `page_info_id`, `page_no`, `action_id`, `target_id`, `comment`, `origin_version`, `inspect_status`, `create_time`, `update_time`) values('70','5','点击语音图标','2','2','2','2',NULL,'60200000',NULL,NOW(),NOW());
insert into `tag_info` (`id`, `tag_no`, `name`, `page_info_id`, `page_no`, `action_id`, `target_id`, `comment`, `origin_version`, `inspect_status`, `create_time`, `update_time`) values('71','6','点击右上角搜索按钮','2','2','2','2',NULL,'60200000',NULL,NOW(),NOW());
insert into `tag_info` (`id`, `tag_no`, `name`, `page_info_id`, `page_no`, `action_id`, `target_id`, `comment`, `origin_version`, `inspect_status`, `create_time`, `update_time`) values('72','7','点击键盘上搜索按钮','2','2','2','2',NULL,'60200000',NULL,NOW(),NOW());
insert into `tag_info` (`id`, `tag_no`, `name`, `page_info_id`, `page_no`, `action_id`, `target_id`, `comment`, `origin_version`, `inspect_status`, `create_time`, `update_time`) values('73','8','点击热词','2','2','2','2',NULL,'60200000',NULL,NOW(),NOW());
insert into `tag_info` (`id`, `tag_no`, `name`, `page_info_id`, `page_no`, `action_id`, `target_id`, `comment`, `origin_version`, `inspect_status`, `create_time`, `update_time`) values('74','9','出现语音候选项','2','2','4','5',NULL,'60200000',NULL,NOW(),NOW());
insert into `tag_info` (`id`, `tag_no`, `name`, `page_info_id`, `page_no`, `action_id`, `target_id`, `comment`, `origin_version`, `inspect_status`, `create_time`, `update_time`) values('75','10','点击语音候选项','2','2','2','2',NULL,'60200000',NULL,NOW(),NOW());
insert into `tag_info` (`id`, `tag_no`, `name`, `page_info_id`, `page_no`, `action_id`, `target_id`, `comment`, `origin_version`, `inspect_status`, `create_time`, `update_time`) values('76','11','收起键盘','2','2','2','2',NULL,'60200000',NULL,NOW(),NOW());
insert into `tag_info` (`id`, `tag_no`, `name`, `page_info_id`, `page_no`, `action_id`, `target_id`, `comment`, `origin_version`, `inspect_status`, `create_time`, `update_time`) values('77','12','展开键盘','2','2','2','2',NULL,'60200000',NULL,NOW(),NOW());
insert into `tag_info` (`id`, `tag_no`, `name`, `page_info_id`, `page_no`, `action_id`, `target_id`, `comment`, `origin_version`, `inspect_status`, `create_time`, `update_time`) values('78','13','搜索结果页打开（路线+单点）','2','2','1','1',NULL,'60200000',NULL,NOW(),NOW());
insert into `tag_info` (`id`, `tag_no`, `name`, `page_info_id`, `page_no`, `action_id`, `target_id`, `comment`, `origin_version`, `inspect_status`, `create_time`, `update_time`) values('79','14','点击路线结果（路线+单点）','2','2','2','2',NULL,'60200000',NULL,NOW(),NOW());
insert into `tag_info` (`id`, `tag_no`, `name`, `page_info_id`, `page_no`, `action_id`, `target_id`, `comment`, `origin_version`, `inspect_status`, `create_time`, `update_time`) values('80','15','加载更多路线（路线+单点）','2','2','2','2',NULL,'60200000',NULL,NOW(),NOW());
insert into `tag_info` (`id`, `tag_no`, `name`, `page_info_id`, `page_no`, `action_id`, `target_id`, `comment`, `origin_version`, `inspect_status`, `create_time`, `update_time`) values('81','16','点击搜索结果（路线+单点）','2','2','2','2',NULL,'60200000',NULL,NOW(),NOW());
insert into `tag_info` (`id`, `tag_no`, `name`, `page_info_id`, `page_no`, `action_id`, `target_id`, `comment`, `origin_version`, `inspect_status`, `create_time`, `update_time`) values('82','17','点击加载更多地点（路线+单点）','2','2','2','2',NULL,'60200000',NULL,NOW(),NOW());
insert into `tag_info` (`id`, `tag_no`, `name`, `page_info_id`, `page_no`, `action_id`, `target_id`, `comment`, `origin_version`, `inspect_status`, `create_time`, `update_time`) values('83','18','搜索结果页打开(城市列表)','2','2','1','3',NULL,'60200000',NULL,NOW(),NOW());
insert into `tag_info` (`id`, `tag_no`, `name`, `page_info_id`, `page_no`, `action_id`, `target_id`, `comment`, `origin_version`, `inspect_status`, `create_time`, `update_time`) values('84','19','点击城市(城市列表)','2','2','2','2',NULL,'60200000',NULL,NOW(),NOW());
insert into `tag_info` (`id`, `tag_no`, `name`, `page_info_id`, `page_no`, `action_id`, `target_id`, `comment`, `origin_version`, `inspect_status`, `create_time`, `update_time`) values('85','1','详情页面打开','3','3','1','1',NULL,'60200000',NULL,NOW(),NOW());
insert into `tag_info` (`id`, `tag_no`, `name`, `page_info_id`, `page_no`, `action_id`, `target_id`, `comment`, `origin_version`, `inspect_status`, `create_time`, `update_time`) values('86','2','点击返回','3','3','2','2',NULL,'60200000',NULL,NOW(),NOW());
insert into `tag_info` (`id`, `tag_no`, `name`, `page_info_id`, `page_no`, `action_id`, `target_id`, `comment`, `origin_version`, `inspect_status`, `create_time`, `update_time`) values('87','3','点击我要去','3','3','2','2',NULL,'60200000',NULL,NOW(),NOW());
insert into `tag_info` (`id`, `tag_no`, `name`, `page_info_id`, `page_no`, `action_id`, `target_id`, `comment`, `origin_version`, `inspect_status`, `create_time`, `update_time`) values('88','4','点击收藏','3','3','2','2',NULL,'60200000',NULL,NOW(),NOW());
insert into `tag_info` (`id`, `tag_no`, `name`, `page_info_id`, `page_no`, `action_id`, `target_id`, `comment`, `origin_version`, `inspect_status`, `create_time`, `update_time`) values('89','5','修改家/公司地址','3','3','2','2',NULL,'60200000',NULL,NOW(),NOW());
insert into `tag_info` (`id`, `tag_no`, `name`, `page_info_id`, `page_no`, `action_id`, `target_id`, `comment`, `origin_version`, `inspect_status`, `create_time`, `update_time`) values('90','6','备注收藏点名称','3','3','2','2',NULL,'60200000',NULL,NOW(),NOW());
insert into `tag_info` (`id`, `tag_no`, `name`, `page_info_id`, `page_no`, `action_id`, `target_id`, `comment`, `origin_version`, `inspect_status`, `create_time`, `update_time`) values('91','7','点击分享','3','3','2','2',NULL,'60200000',NULL,NOW(),NOW());
insert into `tag_info` (`id`, `tag_no`, `name`, `page_info_id`, `page_no`, `action_id`, `target_id`, `comment`, `origin_version`, `inspect_status`, `create_time`, `update_time`) values('92','8','点击图片','3','3','2','2',NULL,'60200000',NULL,NOW(),NOW());
insert into `tag_info` (`id`, `tag_no`, `name`, `page_info_id`, `page_no`, `action_id`, `target_id`, `comment`, `origin_version`, `inspect_status`, `create_time`, `update_time`) values('93','9','显示本店团购','3','3','4','5',NULL,'60200000',NULL,NOW(),NOW());
insert into `tag_info` (`id`, `tag_no`, `name`, `page_info_id`, `page_no`, `action_id`, `target_id`, `comment`, `origin_version`, `inspect_status`, `create_time`, `update_time`) values('94','10','点击查看本店团购','3','3','2','2',NULL,'60200000',NULL,NOW(),NOW());
insert into `tag_info` (`id`, `tag_no`, `name`, `page_info_id`, `page_no`, `action_id`, `target_id`, `comment`, `origin_version`, `inspect_status`, `create_time`, `update_time`) values('95','11','查看更多团购','3','3','2','2',NULL,'60200000',NULL,NOW(),NOW());
insert into `tag_info` (`id`, `tag_no`, `name`, `page_info_id`, `page_no`, `action_id`, `target_id`, `comment`, `origin_version`, `inspect_status`, `create_time`, `update_time`) values('96','12','显示优惠券','3','3','4','5',NULL,'60200000',NULL,NOW(),NOW());
insert into `tag_info` (`id`, `tag_no`, `name`, `page_info_id`, `page_no`, `action_id`, `target_id`, `comment`, `origin_version`, `inspect_status`, `create_time`, `update_time`) values('97','13','点击优惠券','3','3','2','2',NULL,'60200000',NULL,NOW(),NOW());
insert into `tag_info` (`id`, `tag_no`, `name`, `page_info_id`, `page_no`, `action_id`, `target_id`, `comment`, `origin_version`, `inspect_status`, `create_time`, `update_time`) values('98','14','显示折扣','3','3','4','5',NULL,'60200000',NULL,NOW(),NOW());
insert into `tag_info` (`id`, `tag_no`, `name`, `page_info_id`, `page_no`, `action_id`, `target_id`, `comment`, `origin_version`, `inspect_status`, `create_time`, `update_time`) values('99','15','点击折扣','3','3','2','2',NULL,'60200000',NULL,NOW(),NOW());
insert into `tag_info` (`id`, `tag_no`, `name`, `page_info_id`, `page_no`, `action_id`, `target_id`, `comment`, `origin_version`, `inspect_status`, `create_time`, `update_time`) values('100','16','点击推荐菜','3','3','2','2',NULL,'60200000',NULL,NOW(),NOW());
insert into `tag_info` (`id`, `tag_no`, `name`, `page_info_id`, `page_no`, `action_id`, `target_id`, `comment`, `origin_version`, `inspect_status`, `create_time`, `update_time`) values('101','17','点击后一天','3','3','2','2',NULL,'60200000',NULL,NOW(),NOW());
insert into `tag_info` (`id`, `tag_no`, `name`, `page_info_id`, `page_no`, `action_id`, `target_id`, `comment`, `origin_version`, `inspect_status`, `create_time`, `update_time`) values('102','18','点击前一天','3','3','2','2',NULL,'60200000',NULL,NOW(),NOW());
insert into `tag_info` (`id`, `tag_no`, `name`, `page_info_id`, `page_no`, `action_id`, `target_id`, `comment`, `origin_version`, `inspect_status`, `create_time`, `update_time`) values('103','19','点击预订按钮','3','3','2','2',NULL,'60200000',NULL,NOW(),NOW());
insert into `tag_info` (`id`, `tag_no`, `name`, `page_info_id`, `page_no`, `action_id`, `target_id`, `comment`, `origin_version`, `inspect_status`, `create_time`, `update_time`) values('104','20','点击查看全部房型','3','3','2','2',NULL,'60200000',NULL,NOW(),NOW());
insert into `tag_info` (`id`, `tag_no`, `name`, `page_info_id`, `page_no`, `action_id`, `target_id`, `comment`, `origin_version`, `inspect_status`, `create_time`, `update_time`) values('105','21','点击电话','3','3','2','2',NULL,'60200000',NULL,NOW(),NOW());
insert into `tag_info` (`id`, `tag_no`, `name`, `page_info_id`, `page_no`, `action_id`, `target_id`, `comment`, `origin_version`, `inspect_status`, `create_time`, `update_time`) values('106','22','点击地址','3','3','2','2',NULL,'60200000',NULL,NOW(),NOW());
insert into `tag_info` (`id`, `tag_no`, `name`, `page_info_id`, `page_no`, `action_id`, `target_id`, `comment`, `origin_version`, `inspect_status`, `create_time`, `update_time`) values('107','23','点击显示更多评论','3','3','2','2',NULL,'60200000',NULL,NOW(),NOW());
insert into `tag_info` (`id`, `tag_no`, `name`, `page_info_id`, `page_no`, `action_id`, `target_id`, `comment`, `origin_version`, `inspect_status`, `create_time`, `update_time`) values('108','24','在周边找餐饮','3','3','2','2',NULL,'60200000',NULL,NOW(),NOW());
insert into `tag_info` (`id`, `tag_no`, `name`, `page_info_id`, `page_no`, `action_id`, `target_id`, `comment`, `origin_version`, `inspect_status`, `create_time`, `update_time`) values('109','25','在周边找酒店','3','3','2','2',NULL,'60200000',NULL,NOW(),NOW());
insert into `tag_info` (`id`, `tag_no`, `name`, `page_info_id`, `page_no`, `action_id`, `target_id`, `comment`, `origin_version`, `inspect_status`, `create_time`, `update_time`) values('110','26','在周边找电影院','3','3','2','2',NULL,'60200000',NULL,NOW(),NOW());
insert into `tag_info` (`id`, `tag_no`, `name`, `page_info_id`, `page_no`, `action_id`, `target_id`, `comment`, `origin_version`, `inspect_status`, `create_time`, `update_time`) values('111','27','在周边找公交站','3','3','2','2',NULL,'60200000',NULL,NOW(),NOW());
insert into `tag_info` (`id`, `tag_no`, `name`, `page_info_id`, `page_no`, `action_id`, `target_id`, `comment`, `origin_version`, `inspect_status`, `create_time`, `update_time`) values('112','28','在周边找更多','3','3','2','2',NULL,'60200000',NULL,NOW(),NOW());
insert into `tag_info` (`id`, `tag_no`, `name`, `page_info_id`, `page_no`, `action_id`, `target_id`, `comment`, `origin_version`, `inspect_status`, `create_time`, `update_time`) values('113','29','点击附近的团购信息','3','3','2','2',NULL,'60200000',NULL,NOW(),NOW());
insert into `tag_info` (`id`, `tag_no`, `name`, `page_info_id`, `page_no`, `action_id`, `target_id`, `comment`, `origin_version`, `inspect_status`, `create_time`, `update_time`) values('114','30','点击合作方','3','3','2','2',NULL,'60200000',NULL,NOW(),NOW());
insert into `tag_info` (`id`, `tag_no`, `name`, `page_info_id`, `page_no`, `action_id`, `target_id`, `comment`, `origin_version`, `inspect_status`, `create_time`, `update_time`) values('115','31','电话弹框打开（ios）','3','3','1','3',NULL,'60200000',NULL,NOW(),NOW());
insert into `tag_info` (`id`, `tag_no`, `name`, `page_info_id`, `page_no`, `action_id`, `target_id`, `comment`, `origin_version`, `inspect_status`, `create_time`, `update_time`) values('116','32','点击取消(电话弹框ios)','3','3','2','2',NULL,'60200000',NULL,NOW(),NOW());
insert into `tag_info` (`id`, `tag_no`, `name`, `page_info_id`, `page_no`, `action_id`, `target_id`, `comment`, `origin_version`, `inspect_status`, `create_time`, `update_time`) values('117','33','点击呼叫(电话弹框ios)','3','3','2','2',NULL,'60200000',NULL,NOW(),NOW());
insert into `tag_info` (`id`, `tag_no`, `name`, `page_info_id`, `page_no`, `action_id`, `target_id`, `comment`, `origin_version`, `inspect_status`, `create_time`, `update_time`) values('118','1','搜索结果页面打开(单点)','4','4','1','1',NULL,'60200000',NULL,NOW(),NOW());
insert into `tag_info` (`id`, `tag_no`, `name`, `page_info_id`, `page_no`, `action_id`, `target_id`, `comment`, `origin_version`, `inspect_status`, `create_time`, `update_time`) values('119','2','点击返回','4','4','2','2',NULL,'60200000',NULL,NOW(),NOW());
insert into `tag_info` (`id`, `tag_no`, `name`, `page_info_id`, `page_no`, `action_id`, `target_id`, `comment`, `origin_version`, `inspect_status`, `create_time`, `update_time`) values('120','3','点击输入框','4','4','2','2',NULL,'60200000',NULL,NOW(),NOW());
insert into `tag_info` (`id`, `tag_no`, `name`, `page_info_id`, `page_no`, `action_id`, `target_id`, `comment`, `origin_version`, `inspect_status`, `create_time`, `update_time`) values('121','4','出现语音按钮','4','4','4','2',NULL,'60200000',NULL,NOW(),NOW());
insert into `tag_info` (`id`, `tag_no`, `name`, `page_info_id`, `page_no`, `action_id`, `target_id`, `comment`, `origin_version`, `inspect_status`, `create_time`, `update_time`) values('122','5','点击语音按钮','4','4','2','2',NULL,'60200000',NULL,NOW(),NOW());
insert into `tag_info` (`id`, `tag_no`, `name`, `page_info_id`, `page_no`, `action_id`, `target_id`, `comment`, `origin_version`, `inspect_status`, `create_time`, `update_time`) values('123','6','出现在这找按钮','4','4','4','2',NULL,'60200000',NULL,NOW(),NOW());
insert into `tag_info` (`id`, `tag_no`, `name`, `page_info_id`, `page_no`, `action_id`, `target_id`, `comment`, `origin_version`, `inspect_status`, `create_time`, `update_time`) values('124','7','点击在这找按钮','4','4','2','2',NULL,'60200000',NULL,NOW(),NOW());
insert into `tag_info` (`id`, `tag_no`, `name`, `page_info_id`, `page_no`, `action_id`, `target_id`, `comment`, `origin_version`, `inspect_status`, `create_time`, `update_time`) values('125','8','点击地图上的图钉及小点','4','4','2','2',NULL,'60200000',NULL,NOW(),NOW());
insert into `tag_info` (`id`, `tag_no`, `name`, `page_info_id`, `page_no`, `action_id`, `target_id`, `comment`, `origin_version`, `inspect_status`, `create_time`, `update_time`) values('126','9','点击列表耳朵','4','4','2','2',NULL,'60200000',NULL,NOW(),NOW());
insert into `tag_info` (`id`, `tag_no`, `name`, `page_info_id`, `page_no`, `action_id`, `target_id`, `comment`, `origin_version`, `inspect_status`, `create_time`, `update_time`) values('127','10','拖动列表耳朵','4','4','3','2',NULL,'60200000',NULL,NOW(),NOW());
insert into `tag_info` (`id`, `tag_no`, `name`, `page_info_id`, `page_no`, `action_id`, `target_id`, `comment`, `origin_version`, `inspect_status`, `create_time`, `update_time`) values('128','11','点击列表/定位','4','4','2','2',NULL,'60200000',NULL,NOW(),NOW());
insert into `tag_info` (`id`, `tag_no`, `name`, `page_info_id`, `page_no`, `action_id`, `target_id`, `comment`, `origin_version`, `inspect_status`, `create_time`, `update_time`) values('129','12','点击我要去','4','4','2','2',NULL,'60200000',NULL,NOW(),NOW());
insert into `tag_info` (`id`, `tag_no`, `name`, `page_info_id`, `page_no`, `action_id`, `target_id`, `comment`, `origin_version`, `inspect_status`, `create_time`, `update_time`) values('130','13','点击收藏','4','4','2','2',NULL,'60200000',NULL,NOW(),NOW());
insert into `tag_info` (`id`, `tag_no`, `name`, `page_info_id`, `page_no`, `action_id`, `target_id`, `comment`, `origin_version`, `inspect_status`, `create_time`, `update_time`) values('131','14','点击分享','4','4','2','2',NULL,'60200000',NULL,NOW(),NOW());
insert into `tag_info` (`id`, `tag_no`, `name`, `page_info_id`, `page_no`, `action_id`, `target_id`, `comment`, `origin_version`, `inspect_status`, `create_time`, `update_time`) values('132','15','点击详情','4','4','2','2',NULL,'60200000',NULL,NOW(),NOW());
insert into `tag_info` (`id`, `tag_no`, `name`, `page_info_id`, `page_no`, `action_id`, `target_id`, `comment`, `origin_version`, `inspect_status`, `create_time`, `update_time`) values('133','16','加载更多结果','4','4','2','2',NULL,'60200000',NULL,NOW(),NOW());
insert into `tag_info` (`id`, `tag_no`, `name`, `page_info_id`, `page_no`, `action_id`, `target_id`, `comment`, `origin_version`, `inspect_status`, `create_time`, `update_time`) values('134','17','点击子节点','4','4','2','2',NULL,'60200000',NULL,NOW(),NOW());
insert into `tag_info` (`id`, `tag_no`, `name`, `page_info_id`, `page_no`, `action_id`, `target_id`, `comment`, `origin_version`, `inspect_status`, `create_time`, `update_time`) values('135','32','出现结构化搜索结果','4','4','4','5',NULL,'60200000',NULL,NOW(),NOW());
insert into `tag_info` (`id`, `tag_no`, `name`, `page_info_id`, `page_no`, `action_id`, `target_id`, `comment`, `origin_version`, `inspect_status`, `create_time`, `update_time`) values('136','18','搜索结果页面打开(团购)','4','4','1','1',NULL,'60200000',NULL,NOW(),NOW());
insert into `tag_info` (`id`, `tag_no`, `name`, `page_info_id`, `page_no`, `action_id`, `target_id`, `comment`, `origin_version`, `inspect_status`, `create_time`, `update_time`) values('137','19','查看本店更多团购(团购)','4','4','1','5',NULL,'60200000',NULL,NOW(),NOW());
insert into `tag_info` (`id`, `tag_no`, `name`, `page_info_id`, `page_no`, `action_id`, `target_id`, `comment`, `origin_version`, `inspect_status`, `create_time`, `update_time`) values('138','20','加载更多团购(团购)','4','4','2','2',NULL,'60200000',NULL,NOW(),NOW());
insert into `tag_info` (`id`, `tag_no`, `name`, `page_info_id`, `page_no`, `action_id`, `target_id`, `comment`, `origin_version`, `inspect_status`, `create_time`, `update_time`) values('139','33','点击列表查看详情(团购)','4','4','2','2',NULL,'60200000',NULL,NOW(),NOW());
insert into `tag_info` (`id`, `tag_no`, `name`, `page_info_id`, `page_no`, `action_id`, `target_id`, `comment`, `origin_version`, `inspect_status`, `create_time`, `update_time`) values('140','21','类别浮层打开','4','4','1','3',NULL,'60200000',NULL,NOW(),NOW());
insert into `tag_info` (`id`, `tag_no`, `name`, `page_info_id`, `page_no`, `action_id`, `target_id`, `comment`, `origin_version`, `inspect_status`, `create_time`, `update_time`) values('141','22','点击选择类别(类别浮层)','4','4','2','2',NULL,'60200000',NULL,NOW(),NOW());
insert into `tag_info` (`id`, `tag_no`, `name`, `page_info_id`, `page_no`, `action_id`, `target_id`, `comment`, `origin_version`, `inspect_status`, `create_time`, `update_time`) values('142','23','再次点击类别关闭浮层(类别浮层)','4','4','2','2',NULL,'60200000',NULL,NOW(),NOW());
insert into `tag_info` (`id`, `tag_no`, `name`, `page_info_id`, `page_no`, `action_id`, `target_id`, `comment`, `origin_version`, `inspect_status`, `create_time`, `update_time`) values('143','24','点击蒙黑处关闭浮层','4','4','2','2',NULL,'60200000',NULL,NOW(),NOW());
insert into `tag_info` (`id`, `tag_no`, `name`, `page_info_id`, `page_no`, `action_id`, `target_id`, `comment`, `origin_version`, `inspect_status`, `create_time`, `update_time`) values('144','25','排序浮层打开','4','4','1','3',NULL,'60200000',NULL,NOW(),NOW());
insert into `tag_info` (`id`, `tag_no`, `name`, `page_info_id`, `page_no`, `action_id`, `target_id`, `comment`, `origin_version`, `inspect_status`, `create_time`, `update_time`) values('145','26','点击选择排序(排序浮层)','4','4','2','2',NULL,'60200000',NULL,NOW(),NOW());
insert into `tag_info` (`id`, `tag_no`, `name`, `page_info_id`, `page_no`, `action_id`, `target_id`, `comment`, `origin_version`, `inspect_status`, `create_time`, `update_time`) values('146','27','再次点击排序关闭浮层(排序浮层)','4','4','2','2',NULL,'60200000',NULL,NOW(),NOW());
insert into `tag_info` (`id`, `tag_no`, `name`, `page_info_id`, `page_no`, `action_id`, `target_id`, `comment`, `origin_version`, `inspect_status`, `create_time`, `update_time`) values('147','29','团购临时层打开','4','4','1','3',NULL,'60200000',NULL,NOW(),NOW());
insert into `tag_info` (`id`, `tag_no`, `name`, `page_info_id`, `page_no`, `action_id`, `target_id`, `comment`, `origin_version`, `inspect_status`, `create_time`, `update_time`) values('148','30','点击空白关闭临时层(团购临时层)','4','4','2','2',NULL,'60200000',NULL,NOW(),NOW());
insert into `tag_info` (`id`, `tag_no`, `name`, `page_info_id`, `page_no`, `action_id`, `target_id`, `comment`, `origin_version`, `inspect_status`, `create_time`, `update_time`) values('149','31','点击列表查看详情(团购临时层)','4','4','2','2',NULL,'60200000',NULL,NOW(),NOW());
insert into `tag_info` (`id`, `tag_no`, `name`, `page_info_id`, `page_no`, `action_id`, `target_id`, `comment`, `origin_version`, `inspect_status`, `create_time`, `update_time`) values('150','1','身边tab页面打开(周边)','5','5','1','1',NULL,'60200000',NULL,NOW(),NOW());
insert into `tag_info` (`id`, `tag_no`, `name`, `page_info_id`, `page_no`, `action_id`, `target_id`, `comment`, `origin_version`, `inspect_status`, `create_time`, `update_time`) values('151','2','点击返回','5','5','2','2',NULL,'60200000',NULL,NOW(),NOW());
insert into `tag_info` (`id`, `tag_no`, `name`, `page_info_id`, `page_no`, `action_id`, `target_id`, `comment`, `origin_version`, `inspect_status`, `create_time`, `update_time`) values('152','3','点击搜索框','5','5','2','2',NULL,'60200000',NULL,NOW(),NOW());
insert into `tag_info` (`id`, `tag_no`, `name`, `page_info_id`, `page_no`, `action_id`, `target_id`, `comment`, `origin_version`, `inspect_status`, `create_time`, `update_time`) values('153','4','点击语音按钮','5','5','2','2',NULL,'60200000',NULL,NOW(),NOW());
insert into `tag_info` (`id`, `tag_no`, `name`, `page_info_id`, `page_no`, `action_id`, `target_id`, `comment`, `origin_version`, `inspect_status`, `create_time`, `update_time`) values('154','5','点击历史记录','5','5','2','2',NULL,'60200000',NULL,NOW(),NOW());
insert into `tag_info` (`id`, `tag_no`, `name`, `page_info_id`, `page_no`, `action_id`, `target_id`, `comment`, `origin_version`, `inspect_status`, `create_time`, `update_time`) values('155','6','点击热词','5','5','2','2',NULL,'60200000',NULL,NOW(),NOW());
insert into `tag_info` (`id`, `tag_no`, `name`, `page_info_id`, `page_no`, `action_id`, `target_id`, `comment`, `origin_version`, `inspect_status`, `create_time`, `update_time`) values('156','7','点击分类词','5','5','2','2',NULL,'60200000',NULL,NOW(),NOW());
insert into `tag_info` (`id`, `tag_no`, `name`, `page_info_id`, `page_no`, `action_id`, `target_id`, `comment`, `origin_version`, `inspect_status`, `create_time`, `update_time`) values('157','1','第三方详情页打开','8','8','1','1',NULL,'60200000',NULL,NOW(),NOW());
insert into `tag_info` (`id`, `tag_no`, `name`, `page_info_id`, `page_no`, `action_id`, `target_id`, `comment`, `origin_version`, `inspect_status`, `create_time`, `update_time`) values('158','2','点击返回','8','8','2','2',NULL,'60200000',NULL,NOW(),NOW());
insert into `tag_info` (`id`, `tag_no`, `name`, `page_info_id`, `page_no`, `action_id`, `target_id`, `comment`, `origin_version`, `inspect_status`, `create_time`, `update_time`) values('159','1','路线查询页面打开','9','9','1','1',NULL,'60200000',NULL,NOW(),NOW());
insert into `tag_info` (`id`, `tag_no`, `name`, `page_info_id`, `page_no`, `action_id`, `target_id`, `comment`, `origin_version`, `inspect_status`, `create_time`, `update_time`) values('160','2','点击返回','9','9','2','2',NULL,'60200000',NULL,NOW(),NOW());
insert into `tag_info` (`id`, `tag_no`, `name`, `page_info_id`, `page_no`, `action_id`, `target_id`, `comment`, `origin_version`, `inspect_status`, `create_time`, `update_time`) values('161','3','点击公交','9','9','2','2',NULL,'60200000',NULL,NOW(),NOW());
insert into `tag_info` (`id`, `tag_no`, `name`, `page_info_id`, `page_no`, `action_id`, `target_id`, `comment`, `origin_version`, `inspect_status`, `create_time`, `update_time`) values('162','4','点击自驾','9','9','2','2',NULL,'60200000',NULL,NOW(),NOW());
insert into `tag_info` (`id`, `tag_no`, `name`, `page_info_id`, `page_no`, `action_id`, `target_id`, `comment`, `origin_version`, `inspect_status`, `create_time`, `update_time`) values('163','5','点击步行','9','9','2','2',NULL,'60200000',NULL,NOW(),NOW());
insert into `tag_info` (`id`, `tag_no`, `name`, `page_info_id`, `page_no`, `action_id`, `target_id`, `comment`, `origin_version`, `inspect_status`, `create_time`, `update_time`) values('164','6','点击点击起点','9','9','2','2',NULL,'60200000',NULL,NOW(),NOW());
insert into `tag_info` (`id`, `tag_no`, `name`, `page_info_id`, `page_no`, `action_id`, `target_id`, `comment`, `origin_version`, `inspect_status`, `create_time`, `update_time`) values('165','7','点击终点','9','9','2','2',NULL,'60200000',NULL,NOW(),NOW());
insert into `tag_info` (`id`, `tag_no`, `name`, `page_info_id`, `page_no`, `action_id`, `target_id`, `comment`, `origin_version`, `inspect_status`, `create_time`, `update_time`) values('166','8','点击途径点','9','9','2','2',NULL,'60200000',NULL,NOW(),NOW());
insert into `tag_info` (`id`, `tag_no`, `name`, `page_info_id`, `page_no`, `action_id`, `target_id`, `comment`, `origin_version`, `inspect_status`, `create_time`, `update_time`) values('167','9','添加途经点','9','9','2','2',NULL,'60200000',NULL,NOW(),NOW());
insert into `tag_info` (`id`, `tag_no`, `name`, `page_info_id`, `page_no`, `action_id`, `target_id`, `comment`, `origin_version`, `inspect_status`, `create_time`, `update_time`) values('168','10','删除途经点','9','9','2','2',NULL,'60200000',NULL,NOW(),NOW());
insert into `tag_info` (`id`, `tag_no`, `name`, `page_info_id`, `page_no`, `action_id`, `target_id`, `comment`, `origin_version`, `inspect_status`, `create_time`, `update_time`) values('169','11','交换起终点','9','9','2','2',NULL,'60200000',NULL,NOW(),NOW());
insert into `tag_info` (`id`, `tag_no`, `name`, `page_info_id`, `page_no`, `action_id`, `target_id`, `comment`, `origin_version`, `inspect_status`, `create_time`, `update_time`) values('170','12','点击回家','9','9','2','2',NULL,'60200000',NULL,NOW(),NOW());
insert into `tag_info` (`id`, `tag_no`, `name`, `page_info_id`, `page_no`, `action_id`, `target_id`, `comment`, `origin_version`, `inspect_status`, `create_time`, `update_time`) values('171','13','点击去公司','9','9','2','2',NULL,'60200000',NULL,NOW(),NOW());
insert into `tag_info` (`id`, `tag_no`, `name`, `page_info_id`, `page_no`, `action_id`, `target_id`, `comment`, `origin_version`, `inspect_status`, `create_time`, `update_time`) values('172','14','点击地图选点','9','9','2','2',NULL,'60200000',NULL,NOW(),NOW());
insert into `tag_info` (`id`, `tag_no`, `name`, `page_info_id`, `page_no`, `action_id`, `target_id`, `comment`, `origin_version`, `inspect_status`, `create_time`, `update_time`) values('173','15','点击收藏选点','9','9','2','2',NULL,'60200000',NULL,NOW(),NOW());
insert into `tag_info` (`id`, `tag_no`, `name`, `page_info_id`, `page_no`, `action_id`, `target_id`, `comment`, `origin_version`, `inspect_status`, `create_time`, `update_time`) values('174','16','点击应用内的搜索','9','9','2','2',NULL,'60200000',NULL,NOW(),NOW());
insert into `tag_info` (`id`, `tag_no`, `name`, `page_info_id`, `page_no`, `action_id`, `target_id`, `comment`, `origin_version`, `inspect_status`, `create_time`, `update_time`) values('175','17','清除文字','9','9','2','2',NULL,'60200000',NULL,NOW(),NOW());
insert into `tag_info` (`id`, `tag_no`, `name`, `page_info_id`, `page_no`, `action_id`, `target_id`, `comment`, `origin_version`, `inspect_status`, `create_time`, `update_time`) values('176','18','点击键盘按钮','9','9','2','2',NULL,'60200000',NULL,NOW(),NOW());
insert into `tag_info` (`id`, `tag_no`, `name`, `page_info_id`, `page_no`, `action_id`, `target_id`, `comment`, `origin_version`, `inspect_status`, `create_time`, `update_time`) values('177','19','点击键盘搜索','9','9','2','2',NULL,'60200000',NULL,NOW(),NOW());
insert into `tag_info` (`id`, `tag_no`, `name`, `page_info_id`, `page_no`, `action_id`, `target_id`, `comment`, `origin_version`, `inspect_status`, `create_time`, `update_time`) values('178','1','打开路线查询页面','10','10','1','1',NULL,'60200000',NULL,NOW(),NOW());
insert into `tag_info` (`id`, `tag_no`, `name`, `page_info_id`, `page_no`, `action_id`, `target_id`, `comment`, `origin_version`, `inspect_status`, `create_time`, `update_time`) values('179','2','点击返回','10','10','2','2',NULL,'60200000',NULL,NOW(),NOW());
insert into `tag_info` (`id`, `tag_no`, `name`, `page_info_id`, `page_no`, `action_id`, `target_id`, `comment`, `origin_version`, `inspect_status`, `create_time`, `update_time`) values('180','3','点击公交','10','10','2','2',NULL,'60200000',NULL,NOW(),NOW());
insert into `tag_info` (`id`, `tag_no`, `name`, `page_info_id`, `page_no`, `action_id`, `target_id`, `comment`, `origin_version`, `inspect_status`, `create_time`, `update_time`) values('181','4','点击自驾','10','10','2','2',NULL,'60200000',NULL,NOW(),NOW());
insert into `tag_info` (`id`, `tag_no`, `name`, `page_info_id`, `page_no`, `action_id`, `target_id`, `comment`, `origin_version`, `inspect_status`, `create_time`, `update_time`) values('182','5','点击步行','10','10','2','2',NULL,'60200000',NULL,NOW(),NOW());
insert into `tag_info` (`id`, `tag_no`, `name`, `page_info_id`, `page_no`, `action_id`, `target_id`, `comment`, `origin_version`, `inspect_status`, `create_time`, `update_time`) values('183','6','点击点击起点','10','10','2','2',NULL,'60200000',NULL,NOW(),NOW());
insert into `tag_info` (`id`, `tag_no`, `name`, `page_info_id`, `page_no`, `action_id`, `target_id`, `comment`, `origin_version`, `inspect_status`, `create_time`, `update_time`) values('184','7','点击终点','10','10','2','2',NULL,'60200000',NULL,NOW(),NOW());
insert into `tag_info` (`id`, `tag_no`, `name`, `page_info_id`, `page_no`, `action_id`, `target_id`, `comment`, `origin_version`, `inspect_status`, `create_time`, `update_time`) values('185','8','点击途径点','10','10','2','2',NULL,'60200000',NULL,NOW(),NOW());
insert into `tag_info` (`id`, `tag_no`, `name`, `page_info_id`, `page_no`, `action_id`, `target_id`, `comment`, `origin_version`, `inspect_status`, `create_time`, `update_time`) values('186','9','添加途经点','10','10','2','2',NULL,'60200000',NULL,NOW(),NOW());
insert into `tag_info` (`id`, `tag_no`, `name`, `page_info_id`, `page_no`, `action_id`, `target_id`, `comment`, `origin_version`, `inspect_status`, `create_time`, `update_time`) values('187','10','删除途经点','10','10','2','2',NULL,'60200000',NULL,NOW(),NOW());
insert into `tag_info` (`id`, `tag_no`, `name`, `page_info_id`, `page_no`, `action_id`, `target_id`, `comment`, `origin_version`, `inspect_status`, `create_time`, `update_time`) values('188','11','交换起终点','10','10','2','2',NULL,'60200000',NULL,NOW(),NOW());
insert into `tag_info` (`id`, `tag_no`, `name`, `page_info_id`, `page_no`, `action_id`, `target_id`, `comment`, `origin_version`, `inspect_status`, `create_time`, `update_time`) values('189','12','点击回家','10','10','2','2',NULL,'60200000',NULL,NOW(),NOW());
insert into `tag_info` (`id`, `tag_no`, `name`, `page_info_id`, `page_no`, `action_id`, `target_id`, `comment`, `origin_version`, `inspect_status`, `create_time`, `update_time`) values('190','13','点击去公司','10','10','2','2',NULL,'60200000',NULL,NOW(),NOW());
insert into `tag_info` (`id`, `tag_no`, `name`, `page_info_id`, `page_no`, `action_id`, `target_id`, `comment`, `origin_version`, `inspect_status`, `create_time`, `update_time`) values('191','14','点击地图选点','10','10','2','2',NULL,'60200000',NULL,NOW(),NOW());
insert into `tag_info` (`id`, `tag_no`, `name`, `page_info_id`, `page_no`, `action_id`, `target_id`, `comment`, `origin_version`, `inspect_status`, `create_time`, `update_time`) values('192','15','点击收藏选点','10','10','2','2',NULL,'60200000',NULL,NOW(),NOW());
insert into `tag_info` (`id`, `tag_no`, `name`, `page_info_id`, `page_no`, `action_id`, `target_id`, `comment`, `origin_version`, `inspect_status`, `create_time`, `update_time`) values('193','16','点击应用内的搜索','10','10','2','2',NULL,'60200000',NULL,NOW(),NOW());
insert into `tag_info` (`id`, `tag_no`, `name`, `page_info_id`, `page_no`, `action_id`, `target_id`, `comment`, `origin_version`, `inspect_status`, `create_time`, `update_time`) values('194','17','清除文字','10','10','2','2',NULL,'60200000',NULL,NOW(),NOW());
insert into `tag_info` (`id`, `tag_no`, `name`, `page_info_id`, `page_no`, `action_id`, `target_id`, `comment`, `origin_version`, `inspect_status`, `create_time`, `update_time`) values('195','18','点击键盘按钮','10','10','2','2',NULL,'60200000',NULL,NOW(),NOW());
insert into `tag_info` (`id`, `tag_no`, `name`, `page_info_id`, `page_no`, `action_id`, `target_id`, `comment`, `origin_version`, `inspect_status`, `create_time`, `update_time`) values('196','19','点击键盘搜索','10','10','2','2',NULL,'60200000',NULL,NOW(),NOW());
insert into `tag_info` (`id`, `tag_no`, `name`, `page_info_id`, `page_no`, `action_id`, `target_id`, `comment`, `origin_version`, `inspect_status`, `create_time`, `update_time`) values('197','1','打开地图选点页','11','11','1','1',NULL,'60200000',NULL,NOW(),NOW());
insert into `tag_info` (`id`, `tag_no`, `name`, `page_info_id`, `page_no`, `action_id`, `target_id`, `comment`, `origin_version`, `inspect_status`, `create_time`, `update_time`) values('198','2','点击取消','11','11','2','2',NULL,'60200000',NULL,NOW(),NOW());
insert into `tag_info` (`id`, `tag_no`, `name`, `page_info_id`, `page_no`, `action_id`, `target_id`, `comment`, `origin_version`, `inspect_status`, `create_time`, `update_time`) values('199','3','点击列表定位','11','11','2','2',NULL,'60200000',NULL,NOW(),NOW());
insert into `tag_info` (`id`, `tag_no`, `name`, `page_info_id`, `page_no`, `action_id`, `target_id`, `comment`, `origin_version`, `inspect_status`, `create_time`, `update_time`) values('200','4','点击我要去','11','11','2','2',NULL,'60200000',NULL,NOW(),NOW());
insert into `tag_info` (`id`, `tag_no`, `name`, `page_info_id`, `page_no`, `action_id`, `target_id`, `comment`, `origin_version`, `inspect_status`, `create_time`, `update_time`) values('201','5','点击搜索框','11','11','2','2',NULL,'60200000',NULL,NOW(),NOW());
insert into `tag_info` (`id`, `tag_no`, `name`, `page_info_id`, `page_no`, `action_id`, `target_id`, `comment`, `origin_version`, `inspect_status`, `create_time`, `update_time`) values('202','1','打开收藏选点页','12','12','1','1',NULL,'60200000',NULL,NOW(),NOW());
insert into `tag_info` (`id`, `tag_no`, `name`, `page_info_id`, `page_no`, `action_id`, `target_id`, `comment`, `origin_version`, `inspect_status`, `create_time`, `update_time`) values('203','2','点击取消','12','12','2','2',NULL,'60200000',NULL,NOW(),NOW());
insert into `tag_info` (`id`, `tag_no`, `name`, `page_info_id`, `page_no`, `action_id`, `target_id`, `comment`, `origin_version`, `inspect_status`, `create_time`, `update_time`) values('204','3','选择我的家','12','12','2','2',NULL,'60200000',NULL,NOW(),NOW());
insert into `tag_info` (`id`, `tag_no`, `name`, `page_info_id`, `page_no`, `action_id`, `target_id`, `comment`, `origin_version`, `inspect_status`, `create_time`, `update_time`) values('205','4','选择我的公司','12','12','2','2',NULL,'60200000',NULL,NOW(),NOW());
insert into `tag_info` (`id`, `tag_no`, `name`, `page_info_id`, `page_no`, `action_id`, `target_id`, `comment`, `origin_version`, `inspect_status`, `create_time`, `update_time`) values('206','5','列表内修改家','12','12','2','2',NULL,'60200000',NULL,NOW(),NOW());
insert into `tag_info` (`id`, `tag_no`, `name`, `page_info_id`, `page_no`, `action_id`, `target_id`, `comment`, `origin_version`, `inspect_status`, `create_time`, `update_time`) values('207','6','列表内修改公司','12','12','2','2',NULL,'60200000',NULL,NOW(),NOW());
insert into `tag_info` (`id`, `tag_no`, `name`, `page_info_id`, `page_no`, `action_id`, `target_id`, `comment`, `origin_version`, `inspect_status`, `create_time`, `update_time`) values('208','7','选择其他收藏','12','12','2','2',NULL,'60200000',NULL,NOW(),NOW());
insert into `tag_info` (`id`, `tag_no`, `name`, `page_info_id`, `page_no`, `action_id`, `target_id`, `comment`, `origin_version`, `inspect_status`, `create_time`, `update_time`) values('209','8','编辑按钮','12','12','2','2',NULL,'60200000',NULL,NOW(),NOW());
insert into `tag_info` (`id`, `tag_no`, `name`, `page_info_id`, `page_no`, `action_id`, `target_id`, `comment`, `origin_version`, `inspect_status`, `create_time`, `update_time`) values('210','9','点击完成','12','12','2','2',NULL,'60200000',NULL,NOW(),NOW());
insert into `tag_info` (`id`, `tag_no`, `name`, `page_info_id`, `page_no`, `action_id`, `target_id`, `comment`, `origin_version`, `inspect_status`, `create_time`, `update_time`) values('211','10','左滑/长按编辑单条','12','12','3','2',NULL,'60200000',NULL,NOW(),NOW());
insert into `tag_info` (`id`, `tag_no`, `name`, `page_info_id`, `page_no`, `action_id`, `target_id`, `comment`, `origin_version`, `inspect_status`, `create_time`, `update_time`) values('212','11','点击空白清除单条编辑','12','12','2','2',NULL,'60200000',NULL,NOW(),NOW());
insert into `tag_info` (`id`, `tag_no`, `name`, `page_info_id`, `page_no`, `action_id`, `target_id`, `comment`, `origin_version`, `inspect_status`, `create_time`, `update_time`) values('213','12','点击备注','12','12','2','2',NULL,'60200000',NULL,NOW(),NOW());
insert into `tag_info` (`id`, `tag_no`, `name`, `page_info_id`, `page_no`, `action_id`, `target_id`, `comment`, `origin_version`, `inspect_status`, `create_time`, `update_time`) values('214','13','点击删除','12','12','2','2',NULL,'60200000',NULL,NOW(),NOW());
insert into `tag_info` (`id`, `tag_no`, `name`, `page_info_id`, `page_no`, `action_id`, `target_id`, `comment`, `origin_version`, `inspect_status`, `create_time`, `update_time`) values('215','1','打开起点确认页面','13','13','1','1',NULL,'60200000',NULL,NOW(),NOW());
insert into `tag_info` (`id`, `tag_no`, `name`, `page_info_id`, `page_no`, `action_id`, `target_id`, `comment`, `origin_version`, `inspect_status`, `create_time`, `update_time`) values('216','2','点击取消','13','13','2','2',NULL,'60200000',NULL,NOW(),NOW());
insert into `tag_info` (`id`, `tag_no`, `name`, `page_info_id`, `page_no`, `action_id`, `target_id`, `comment`, `origin_version`, `inspect_status`, `create_time`, `update_time`) values('217','3','点击列表耳朵','13','13','2','2',NULL,'60200000',NULL,NOW(),NOW());
insert into `tag_info` (`id`, `tag_no`, `name`, `page_info_id`, `page_no`, `action_id`, `target_id`, `comment`, `origin_version`, `inspect_status`, `create_time`, `update_time`) values('218','4','拖动列表耳朵','13','13','3','2',NULL,'60200000',NULL,NOW(),NOW());
insert into `tag_info` (`id`, `tag_no`, `name`, `page_info_id`, `page_no`, `action_id`, `target_id`, `comment`, `origin_version`, `inspect_status`, `create_time`, `update_time`) values('219','5','点击列表内容区','13','13','2','2',NULL,'60200000',NULL,NOW(),NOW());
insert into `tag_info` (`id`, `tag_no`, `name`, `page_info_id`, `page_no`, `action_id`, `target_id`, `comment`, `origin_version`, `inspect_status`, `create_time`, `update_time`) values('220','6','点击我要去','13','13','2','2',NULL,'60200000',NULL,NOW(),NOW());
insert into `tag_info` (`id`, `tag_no`, `name`, `page_info_id`, `page_no`, `action_id`, `target_id`, `comment`, `origin_version`, `inspect_status`, `create_time`, `update_time`) values('221','7','点击地图图钉','13','13','2','2',NULL,'60200000',NULL,NOW(),NOW());
insert into `tag_info` (`id`, `tag_no`, `name`, `page_info_id`, `page_no`, `action_id`, `target_id`, `comment`, `origin_version`, `inspect_status`, `create_time`, `update_time`) values('222','1','自驾方案页打开','14','14','1','1',NULL,'60200000',NULL,NOW(),NOW());
insert into `tag_info` (`id`, `tag_no`, `name`, `page_info_id`, `page_no`, `action_id`, `target_id`, `comment`, `origin_version`, `inspect_status`, `create_time`, `update_time`) values('223','2','点击返回','14','14','2','2',NULL,'60200000',NULL,NOW(),NOW());
insert into `tag_info` (`id`, `tag_no`, `name`, `page_info_id`, `page_no`, `action_id`, `target_id`, `comment`, `origin_version`, `inspect_status`, `create_time`, `update_time`) values('224','3','点击起终点区域','14','14','2','2',NULL,'60200000',NULL,NOW(),NOW());
insert into `tag_info` (`id`, `tag_no`, `name`, `page_info_id`, `page_no`, `action_id`, `target_id`, `comment`, `origin_version`, `inspect_status`, `create_time`, `update_time`) values('225','4','点击偏好','14','14','2','2',NULL,'60200000',NULL,NOW(),NOW());
insert into `tag_info` (`id`, `tag_no`, `name`, `page_info_id`, `page_no`, `action_id`, `target_id`, `comment`, `origin_version`, `inspect_status`, `create_time`, `update_time`) values('226','5','出现刷新','14','14','4','2',NULL,'60200000',NULL,NOW(),NOW());
insert into `tag_info` (`id`, `tag_no`, `name`, `page_info_id`, `page_no`, `action_id`, `target_id`, `comment`, `origin_version`, `inspect_status`, `create_time`, `update_time`) values('227','6','点击刷新','14','14','2','2',NULL,'60200000',NULL,NOW(),NOW());
insert into `tag_info` (`id`, `tag_no`, `name`, `page_info_id`, `page_no`, `action_id`, `target_id`, `comment`, `origin_version`, `inspect_status`, `create_time`, `update_time`) values('228','7','点击列表耳朵','14','14',NULL,NULL,NULL,'60200000',NULL,NOW(),NOW());
insert into `tag_info` (`id`, `tag_no`, `name`, `page_info_id`, `page_no`, `action_id`, `target_id`, `comment`, `origin_version`, `inspect_status`, `create_time`, `update_time`) values('229','8','拖动列表耳朵','14','14',NULL,NULL,NULL,'60200000',NULL,NOW(),NOW());
insert into `tag_info` (`id`, `tag_no`, `name`, `page_info_id`, `page_no`, `action_id`, `target_id`, `comment`, `origin_version`, `inspect_status`, `create_time`, `update_time`) values('230','9','点击切换方案','14','14',NULL,NULL,NULL,'60200000',NULL,NOW(),NOW());
insert into `tag_info` (`id`, `tag_no`, `name`, `page_info_id`, `page_no`, `action_id`, `target_id`, `comment`, `origin_version`, `inspect_status`, `create_time`, `update_time`) values('231','10','点击开始导航按钮','14','14','2','2',NULL,'60200000',NULL,NOW(),NOW());
insert into `tag_info` (`id`, `tag_no`, `name`, `page_info_id`, `page_no`, `action_id`, `target_id`, `comment`, `origin_version`, `inspect_status`, `create_time`, `update_time`) values('232','11','点击叫车','14','14','2','2',NULL,'60200000',NULL,NOW(),NOW());
insert into `tag_info` (`id`, `tag_no`, `name`, `page_info_id`, `page_no`, `action_id`, `target_id`, `comment`, `origin_version`, `inspect_status`, `create_time`, `update_time`) values('233','12','点击路桥费','14','14','2','2',NULL,'60200000',NULL,NOW(),NOW());
insert into `tag_info` (`id`, `tag_no`, `name`, `page_info_id`, `page_no`, `action_id`, `target_id`, `comment`, `origin_version`, `inspect_status`, `create_time`, `update_time`) values('234','13','点击详情描述','14','14','2','2',NULL,'60200000',NULL,NOW(),NOW());
insert into `tag_info` (`id`, `tag_no`, `name`, `page_info_id`, `page_no`, `action_id`, `target_id`, `comment`, `origin_version`, `inspect_status`, `create_time`, `update_time`) values('235','14','点击收藏按钮','14','14','2','2',NULL,'60200000',NULL,NOW(),NOW());
insert into `tag_info` (`id`, `tag_no`, `name`, `page_info_id`, `page_no`, `action_id`, `target_id`, `comment`, `origin_version`, `inspect_status`, `create_time`, `update_time`) values('236','15','点击分享','14','14','2','2',NULL,'60200000',NULL,NOW(),NOW());
insert into `tag_info` (`id`, `tag_no`, `name`, `page_info_id`, `page_no`, `action_id`, `target_id`, `comment`, `origin_version`, `inspect_status`, `create_time`, `update_time`) values('237','16','点击地图上的路线','14','14','2','7',NULL,'60200000',NULL,NOW(),NOW());
insert into `tag_info` (`id`, `tag_no`, `name`, `page_info_id`, `page_no`, `action_id`, `target_id`, `comment`, `origin_version`, `inspect_status`, `create_time`, `update_time`) values('238','17','点击路线上的节点','14','14','2','7',NULL,'60200000',NULL,NOW(),NOW());
insert into `tag_info` (`id`, `tag_no`, `name`, `page_info_id`, `page_no`, `action_id`, `target_id`, `comment`, `origin_version`, `inspect_status`, `create_time`, `update_time`) values('239','18','点击上一条描述','14','14','2','2',NULL,'60200000',NULL,NOW(),NOW());
insert into `tag_info` (`id`, `tag_no`, `name`, `page_info_id`, `page_no`, `action_id`, `target_id`, `comment`, `origin_version`, `inspect_status`, `create_time`, `update_time`) values('240','19','点击下一条描述','14','14','2','2',NULL,'60200000',NULL,NOW(),NOW());
insert into `tag_info` (`id`, `tag_no`, `name`, `page_info_id`, `page_no`, `action_id`, `target_id`, `comment`, `origin_version`, `inspect_status`, `create_time`, `update_time`) values('241','20','滑动上一条描述','14','14','3','2',NULL,'60200000',NULL,NOW(),NOW());
insert into `tag_info` (`id`, `tag_no`, `name`, `page_info_id`, `page_no`, `action_id`, `target_id`, `comment`, `origin_version`, `inspect_status`, `create_time`, `update_time`) values('242','21','滑动下一条描述','14','14','3','2',NULL,'60200000',NULL,NOW(),NOW());
insert into `tag_info` (`id`, `tag_no`, `name`, `page_info_id`, `page_no`, `action_id`, `target_id`, `comment`, `origin_version`, `inspect_status`, `create_time`, `update_time`) values('243','22','出现新的方案','14','14','4','5',NULL,'60200000',NULL,NOW(),NOW());
insert into `tag_info` (`id`, `tag_no`, `name`, `page_info_id`, `page_no`, `action_id`, `target_id`, `comment`, `origin_version`, `inspect_status`, `create_time`, `update_time`) values('244','23','弹出偏好气泡','14','14','1','4',NULL,'60200000',NULL,NOW(),NOW());
insert into `tag_info` (`id`, `tag_no`, `name`, `page_info_id`, `page_no`, `action_id`, `target_id`, `comment`, `origin_version`, `inspect_status`, `create_time`, `update_time`) values('245','24','点击偏好-避开收费','14','14','2','2',NULL,'60200000',NULL,NOW(),NOW());
insert into `tag_info` (`id`, `tag_no`, `name`, `page_info_id`, `page_no`, `action_id`, `target_id`, `comment`, `origin_version`, `inspect_status`, `create_time`, `update_time`) values('246','25','点击偏好-避开高速','14','14','2','2',NULL,'60200000',NULL,NOW(),NOW());
insert into `tag_info` (`id`, `tag_no`, `name`, `page_info_id`, `page_no`, `action_id`, `target_id`, `comment`, `origin_version`, `inspect_status`, `create_time`, `update_time`) values('247','1','导航页打开','15','15','1','1',NULL,'60200000',NULL,NOW(),NOW());
insert into `tag_info` (`id`, `tag_no`, `name`, `page_info_id`, `page_no`, `action_id`, `target_id`, `comment`, `origin_version`, `inspect_status`, `create_time`, `update_time`) values('248','2','点击省电模式','15','15','2','7',NULL,'60200000',NULL,NOW(),NOW());
insert into `tag_info` (`id`, `tag_no`, `name`, `page_info_id`, `page_no`, `action_id`, `target_id`, `comment`, `origin_version`, `inspect_status`, `create_time`, `update_time`) values('249','3','点击全览','15','15','2','7',NULL,'60200000',NULL,NOW(),NOW());
insert into `tag_info` (`id`, `tag_no`, `name`, `page_info_id`, `page_no`, `action_id`, `target_id`, `comment`, `origin_version`, `inspect_status`, `create_time`, `update_time`) values('250','4','点击更多','15','15','2','2',NULL,'60200000',NULL,NOW(),NOW());
insert into `tag_info` (`id`, `tag_no`, `name`, `page_info_id`, `page_no`, `action_id`, `target_id`, `comment`, `origin_version`, `inspect_status`, `create_time`, `update_time`) values('251','5','点击退出','15','15','2','2',NULL,'60200000',NULL,NOW(),NOW());
insert into `tag_info` (`id`, `tag_no`, `name`, `page_info_id`, `page_no`, `action_id`, `target_id`, `comment`, `origin_version`, `inspect_status`, `create_time`, `update_time`) values('252','6','点击继续导航','15','15','2','2',NULL,'60200000',NULL,NOW(),NOW());
insert into `tag_info` (`id`, `tag_no`, `name`, `page_info_id`, `page_no`, `action_id`, `target_id`, `comment`, `origin_version`, `inspect_status`, `create_time`, `update_time`) values('253','7','搜星图标出现','15','15','4','5',NULL,'60200000',NULL,NOW(),NOW());
insert into `tag_info` (`id`, `tag_no`, `name`, `page_info_id`, `page_no`, `action_id`, `target_id`, `comment`, `origin_version`, `inspect_status`, `create_time`, `update_time`) values('254','8','关闭实景图','15','15','2','2',NULL,'60200000',NULL,NOW(),NOW());
insert into `tag_info` (`id`, `tag_no`, `name`, `page_info_id`, `page_no`, `action_id`, `target_id`, `comment`, `origin_version`, `inspect_status`, `create_time`, `update_time`) values('255','9','找停车场','15','15','2','2',NULL,'60200000',NULL,NOW(),NOW());
insert into `tag_info` (`id`, `tag_no`, `name`, `page_info_id`, `page_no`, `action_id`, `target_id`, `comment`, `origin_version`, `inspect_status`, `create_time`, `update_time`) values('256','38','停车场分屏图显示','15','15','1','5',NULL,'60200000',NULL,NOW(),NOW());
insert into `tag_info` (`id`, `tag_no`, `name`, `page_info_id`, `page_no`, `action_id`, `target_id`, `comment`, `origin_version`, `inspect_status`, `create_time`, `update_time`) values('257','10','关闭停车场分屏图','15','15','2','2',NULL,'60200000',NULL,NOW(),NOW());
insert into `tag_info` (`id`, `tag_no`, `name`, `page_info_id`, `page_no`, `action_id`, `target_id`, `comment`, `origin_version`, `inspect_status`, `create_time`, `update_time`) values('258','11','点击停车场分屏poi','15','15','2','2',NULL,'60200000',NULL,NOW(),NOW());
insert into `tag_info` (`id`, `tag_no`, `name`, `page_info_id`, `page_no`, `action_id`, `target_id`, `comment`, `origin_version`, `inspect_status`, `create_time`, `update_time`) values('259','12','出现导航页更多气泡(更多)','15','15','4','4',NULL,'60200000',NULL,NOW(),NOW());
insert into `tag_info` (`id`, `tag_no`, `name`, `page_info_id`, `page_no`, `action_id`, `target_id`, `comment`, `origin_version`, `inspect_status`, `create_time`, `update_time`) values('260','13','点击最近加油站(更多)','15','15','2','2',NULL,'60200000',NULL,NOW(),NOW());
insert into `tag_info` (`id`, `tag_no`, `name`, `page_info_id`, `page_no`, `action_id`, `target_id`, `comment`, `origin_version`, `inspect_status`, `create_time`, `update_time`) values('261','14','点击顺路加油(更多)','15','15','2','2',NULL,'60200000',NULL,NOW(),NOW());
insert into `tag_info` (`id`, `tag_no`, `name`, `page_info_id`, `page_no`, `action_id`, `target_id`, `comment`, `origin_version`, `inspect_status`, `create_time`, `update_time`) values('262','15','点击终点停车(更多)','15','15','2','2',NULL,'60200000',NULL,NOW(),NOW());
insert into `tag_info` (`id`, `tag_no`, `name`, `page_info_id`, `page_no`, `action_id`, `target_id`, `comment`, `origin_version`, `inspect_status`, `create_time`, `update_time`) values('263','16','点击HUD模式(更多)','15','15','2','2',NULL,'60200000',NULL,NOW(),NOW());
insert into `tag_info` (`id`, `tag_no`, `name`, `page_info_id`, `page_no`, `action_id`, `target_id`, `comment`, `origin_version`, `inspect_status`, `create_time`, `update_time`) values('264','17','点击声音播报按钮(更多)','15','15','2','7',NULL,'60200000',NULL,NOW(),NOW());
insert into `tag_info` (`id`, `tag_no`, `name`, `page_info_id`, `page_no`, `action_id`, `target_id`, `comment`, `origin_version`, `inspect_status`, `create_time`, `update_time`) values('265','18','点击路况按钮(更多)','15','15','2','2',NULL,'60200000',NULL,NOW(),NOW());
insert into `tag_info` (`id`, `tag_no`, `name`, `page_info_id`, `page_no`, `action_id`, `target_id`, `comment`, `origin_version`, `inspect_status`, `create_time`, `update_time`) values('266','19','点击导航设置(更多)','15','15','2','2',NULL,'60200000',NULL,NOW(),NOW());
insert into `tag_info` (`id`, `tag_no`, `name`, `page_info_id`, `page_no`, `action_id`, `target_id`, `comment`, `origin_version`, `inspect_status`, `create_time`, `update_time`) values('267','20','出现导航页偏好设置页(导航设置页)','15','15','4','4',NULL,'60200000',NULL,NOW(),NOW());
insert into `tag_info` (`id`, `tag_no`, `name`, `page_info_id`, `page_no`, `action_id`, `target_id`, `comment`, `origin_version`, `inspect_status`, `create_time`, `update_time`) values('268','21','点击返回(导航设置页)','15','15','2','2',NULL,'60200000',NULL,NOW(),NOW());
insert into `tag_info` (`id`, `tag_no`, `name`, `page_info_id`, `page_no`, `action_id`, `target_id`, `comment`, `origin_version`, `inspect_status`, `create_time`, `update_time`) values('269','22','点击3D市街图(导航设置页)','15','15','2','2',NULL,'60200000',NULL,NOW(),NOW());
insert into `tag_info` (`id`, `tag_no`, `name`, `page_info_id`, `page_no`, `action_id`, `target_id`, `comment`, `origin_version`, `inspect_status`, `create_time`, `update_time`) values('270','23','点击3D地图(导航设置页)','15','15','2','2',NULL,'60200000',NULL,NOW(),NOW());
insert into `tag_info` (`id`, `tag_no`, `name`, `page_info_id`, `page_no`, `action_id`, `target_id`, `comment`, `origin_version`, `inspect_status`, `create_time`, `update_time`) values('271','24','点击车头朝上(导航设置页)','15','15','2','2',NULL,'60200000',NULL,NOW(),NOW());
insert into `tag_info` (`id`, `tag_no`, `name`, `page_info_id`, `page_no`, `action_id`, `target_id`, `comment`, `origin_version`, `inspect_status`, `create_time`, `update_time`) values('272','25','点击北朝上(导航设置页)','15','15','2','2',NULL,'60200000',NULL,NOW(),NOW());
insert into `tag_info` (`id`, `tag_no`, `name`, `page_info_id`, `page_no`, `action_id`, `target_id`, `comment`, `origin_version`, `inspect_status`, `create_time`, `update_time`) values('273','26','点击任意品牌(导航设置页)','15','15','2','2',NULL,'60200000',NULL,NOW(),NOW());
insert into `tag_info` (`id`, `tag_no`, `name`, `page_info_id`, `page_no`, `action_id`, `target_id`, `comment`, `origin_version`, `inspect_status`, `create_time`, `update_time`) values('274','27','点击中石油(导航设置页)','15','15','2','2',NULL,'60200000',NULL,NOW(),NOW());
insert into `tag_info` (`id`, `tag_no`, `name`, `page_info_id`, `page_no`, `action_id`, `target_id`, `comment`, `origin_version`, `inspect_status`, `create_time`, `update_time`) values('275','28','点击中石化(导航设置页)','15','15','2','2',NULL,'60200000',NULL,NOW(),NOW());
insert into `tag_info` (`id`, `tag_no`, `name`, `page_info_id`, `page_no`, `action_id`, `target_id`, `comment`, `origin_version`, `inspect_status`, `create_time`, `update_time`) values('276','29','点击完整版(导航设置页)','15','15','2','2',NULL,'60200000',NULL,NOW(),NOW());
insert into `tag_info` (`id`, `tag_no`, `name`, `page_info_id`, `page_no`, `action_id`, `target_id`, `comment`, `origin_version`, `inspect_status`, `create_time`, `update_time`) values('277','30','点击精简版(导航设置页)','15','15','2','2',NULL,'60200000',NULL,NOW(),NOW());
insert into `tag_info` (`id`, `tag_no`, `name`, `page_info_id`, `page_no`, `action_id`, `target_id`, `comment`, `origin_version`, `inspect_status`, `create_time`, `update_time`) values('278','31','省电模式页面打开(省电模式)','15','15','1','4',NULL,'60200000',NULL,NOW(),NOW());
insert into `tag_info` (`id`, `tag_no`, `name`, `page_info_id`, `page_no`, `action_id`, `target_id`, `comment`, `origin_version`, `inspect_status`, `create_time`, `update_time`) values('279','32','点击退出省电模式(省电模式)','15','15','2','2',NULL,'60200000',NULL,NOW(),NOW());
insert into `tag_info` (`id`, `tag_no`, `name`, `page_info_id`, `page_no`, `action_id`, `target_id`, `comment`, `origin_version`, `inspect_status`, `create_time`, `update_time`) values('280','33','进入HUD模式(HUD模式)','15','15','1','4',NULL,'60200000',NULL,NOW(),NOW());
insert into `tag_info` (`id`, `tag_no`, `name`, `page_info_id`, `page_no`, `action_id`, `target_id`, `comment`, `origin_version`, `inspect_status`, `create_time`, `update_time`) values('281','34','退出HUD(HUD模式)','15','15','2','2',NULL,'60200000',NULL,NOW(),NOW());
insert into `tag_info` (`id`, `tag_no`, `name`, `page_info_id`, `page_no`, `action_id`, `target_id`, `comment`, `origin_version`, `inspect_status`, `create_time`, `update_time`) values('282','35','点击镜像按钮(HUD模式)','15','15','2','2',NULL,'60200000',NULL,NOW(),NOW());
insert into `tag_info` (`id`, `tag_no`, `name`, `page_info_id`, `page_no`, `action_id`, `target_id`, `comment`, `origin_version`, `inspect_status`, `create_time`, `update_time`) values('283','36','找停车场出现(HUD模式)','15','15','4','2',NULL,'60200000',NULL,NOW(),NOW());
insert into `tag_info` (`id`, `tag_no`, `name`, `page_info_id`, `page_no`, `action_id`, `target_id`, `comment`, `origin_version`, `inspect_status`, `create_time`, `update_time`) values('284','37','点击找停车场(HUD模式)','15','15','2','2',NULL,'60200000',NULL,NOW(),NOW());
insert into `tag_info` (`id`, `tag_no`, `name`, `page_info_id`, `page_no`, `action_id`, `target_id`, `comment`, `origin_version`, `inspect_status`, `create_time`, `update_time`) values('285','1','导航总结页打开','16','16','1','4',NULL,'60200000',NULL,NOW(),NOW());
insert into `tag_info` (`id`, `tag_no`, `name`, `page_info_id`, `page_no`, `action_id`, `target_id`, `comment`, `origin_version`, `inspect_status`, `create_time`, `update_time`) values('286','2','点击回首页','16','16','2','2',NULL,'60200000',NULL,NOW(),NOW());
insert into `tag_info` (`id`, `tag_no`, `name`, `page_info_id`, `page_no`, `action_id`, `target_id`, `comment`, `origin_version`, `inspect_status`, `create_time`, `update_time`) values('287','3','点击分享','16','16','2','2',NULL,'60200000',NULL,NOW(),NOW());
insert into `tag_info` (`id`, `tag_no`, `name`, `page_info_id`, `page_no`, `action_id`, `target_id`, `comment`, `origin_version`, `inspect_status`, `create_time`, `update_time`) values('288','4','点击使用不爽，我要吐槽','16','16','2','2',NULL,'60200000',NULL,NOW(),NOW());
insert into `tag_info` (`id`, `tag_no`, `name`, `page_info_id`, `page_no`, `action_id`, `target_id`, `comment`, `origin_version`, `inspect_status`, `create_time`, `update_time`) values('289','5','点击继续导航','16','16','2','2',NULL,'60200000',NULL,NOW(),NOW());
insert into `tag_info` (`id`, `tag_no`, `name`, `page_info_id`, `page_no`, `action_id`, `target_id`, `comment`, `origin_version`, `inspect_status`, `create_time`, `update_time`) values('290','6','点击给个好评','16','16','2','2',NULL,'60200000',NULL,NOW(),NOW());
insert into `tag_info` (`id`, `tag_no`, `name`, `page_info_id`, `page_no`, `action_id`, `target_id`, `comment`, `origin_version`, `inspect_status`, `create_time`, `update_time`) values('291','11','查看速度排名','16','16','2','2',NULL,'60200000',NULL,NOW(),NOW());
insert into `tag_info` (`id`, `tag_no`, `name`, `page_info_id`, `page_no`, `action_id`, `target_id`, `comment`, `origin_version`, `inspect_status`, `create_time`, `update_time`) values('292','12','查看选路排名','16','16','2','2',NULL,'60200000',NULL,NOW(),NOW());
insert into `tag_info` (`id`, `tag_no`, `name`, `page_info_id`, `page_no`, `action_id`, `target_id`, `comment`, `origin_version`, `inspect_status`, `create_time`, `update_time`) values('293','13','查看安全排名','16','16','2','2',NULL,'60200000',NULL,NOW(),NOW());
insert into `tag_info` (`id`, `tag_no`, `name`, `page_info_id`, `page_no`, `action_id`, `target_id`, `comment`, `origin_version`, `inspect_status`, `create_time`, `update_time`) values('294','14','查看节油排名','16','16','2','2',NULL,'60200000',NULL,NOW(),NOW());
insert into `tag_info` (`id`, `tag_no`, `name`, `page_info_id`, `page_no`, `action_id`, `target_id`, `comment`, `origin_version`, `inspect_status`, `create_time`, `update_time`) values('295','15','查看总排名/里程','16','16','2','2',NULL,'60200000',NULL,NOW(),NOW());
insert into `tag_info` (`id`, `tag_no`, `name`, `page_info_id`, `page_no`, `action_id`, `target_id`, `comment`, `origin_version`, `inspect_status`, `create_time`, `update_time`) values('296','16','分享成功弹框点击“去看看”','16','16','2','2',NULL,'60200000',NULL,NOW(),NOW());
insert into `tag_info` (`id`, `tag_no`, `name`, `page_info_id`, `page_no`, `action_id`, `target_id`, `comment`, `origin_version`, `inspect_status`, `create_time`, `update_time`) values('297','17','分享成功弹框点击“知道了”','16','16','2','2',NULL,'60200000',NULL,NOW(),NOW());
insert into `tag_info` (`id`, `tag_no`, `name`, `page_info_id`, `page_no`, `action_id`, `target_id`, `comment`, `origin_version`, `inspect_status`, `create_time`, `update_time`) values('298','7','导航服务反馈浮层(导航服务反馈)','16','16','1','4',NULL,'60200000',NULL,NOW(),NOW());
insert into `tag_info` (`id`, `tag_no`, `name`, `page_info_id`, `page_no`, `action_id`, `target_id`, `comment`, `origin_version`, `inspect_status`, `create_time`, `update_time`) values('299','8','点击选择(导航服务反馈)','16','16','2','2',NULL,'60200000',NULL,NOW(),NOW());
insert into `tag_info` (`id`, `tag_no`, `name`, `page_info_id`, `page_no`, `action_id`, `target_id`, `comment`, `origin_version`, `inspect_status`, `create_time`, `update_time`) values('300','9','再次点击取消选择(导航服务反馈)','16','16','2','2',NULL,'60200000',NULL,NOW(),NOW());
insert into `tag_info` (`id`, `tag_no`, `name`, `page_info_id`, `page_no`, `action_id`, `target_id`, `comment`, `origin_version`, `inspect_status`, `create_time`, `update_time`) values('301','10','提交反馈(导航服务反馈)','16','16','2','2',NULL,'60200000',NULL,NOW(),NOW());
insert into `tag_info` (`id`, `tag_no`, `name`, `page_info_id`, `page_no`, `action_id`, `target_id`, `comment`, `origin_version`, `inspect_status`, `create_time`, `update_time`) values('302','1','公交方案页面打开','17','17','1','1',NULL,'60200000',NULL,NOW(),NOW());
insert into `tag_info` (`id`, `tag_no`, `name`, `page_info_id`, `page_no`, `action_id`, `target_id`, `comment`, `origin_version`, `inspect_status`, `create_time`, `update_time`) values('303','2','点击返回','17','17','2','2',NULL,'60200000',NULL,NOW(),NOW());
insert into `tag_info` (`id`, `tag_no`, `name`, `page_info_id`, `page_no`, `action_id`, `target_id`, `comment`, `origin_version`, `inspect_status`, `create_time`, `update_time`) values('304','3','点击起终点区域','17','17','2','2',NULL,'60200000',NULL,NOW(),NOW());
insert into `tag_info` (`id`, `tag_no`, `name`, `page_info_id`, `page_no`, `action_id`, `target_id`, `comment`, `origin_version`, `inspect_status`, `create_time`, `update_time`) values('305','4','点击方案','17','17','2','2',NULL,'60200000',NULL,NOW(),NOW());
insert into `tag_info` (`id`, `tag_no`, `name`, `page_info_id`, `page_no`, `action_id`, `target_id`, `comment`, `origin_version`, `inspect_status`, `create_time`, `update_time`) values('306','5','点击叫车','17','17','2','2',NULL,'60200000',NULL,NOW(),NOW());
insert into `tag_info` (`id`, `tag_no`, `name`, `page_info_id`, `page_no`, `action_id`, `target_id`, `comment`, `origin_version`, `inspect_status`, `create_time`, `update_time`) values('307','1','公交方案详情页面打开','18','18','1','1',NULL,'60200000',NULL,NOW(),NOW());
insert into `tag_info` (`id`, `tag_no`, `name`, `page_info_id`, `page_no`, `action_id`, `target_id`, `comment`, `origin_version`, `inspect_status`, `create_time`, `update_time`) values('308','2','点击返回','18','18','2','2',NULL,'60200000',NULL,NOW(),NOW());
insert into `tag_info` (`id`, `tag_no`, `name`, `page_info_id`, `page_no`, `action_id`, `target_id`, `comment`, `origin_version`, `inspect_status`, `create_time`, `update_time`) values('309','3','点击列表耳朵','18','18','2','2',NULL,'60200000',NULL,NOW(),NOW());
insert into `tag_info` (`id`, `tag_no`, `name`, `page_info_id`, `page_no`, `action_id`, `target_id`, `comment`, `origin_version`, `inspect_status`, `create_time`, `update_time`) values('310','4','拖动列表耳朵','18','18','3','2',NULL,'60200000',NULL,NOW(),NOW());
insert into `tag_info` (`id`, `tag_no`, `name`, `page_info_id`, `page_no`, `action_id`, `target_id`, `comment`, `origin_version`, `inspect_status`, `create_time`, `update_time`) values('311','5','点击列表查看地图','18','18','2','2',NULL,'60200000',NULL,NOW(),NOW());
insert into `tag_info` (`id`, `tag_no`, `name`, `page_info_id`, `page_no`, `action_id`, `target_id`, `comment`, `origin_version`, `inspect_status`, `create_time`, `update_time`) values('312','6','展开站名详情','18','18','2','2',NULL,'60200000',NULL,NOW(),NOW());
insert into `tag_info` (`id`, `tag_no`, `name`, `page_info_id`, `page_no`, `action_id`, `target_id`, `comment`, `origin_version`, `inspect_status`, `create_time`, `update_time`) values('313','7','收起站名详情','18','18','2','2',NULL,'60200000',NULL,NOW(),NOW());
insert into `tag_info` (`id`, `tag_no`, `name`, `page_info_id`, `page_no`, `action_id`, `target_id`, `comment`, `origin_version`, `inspect_status`, `create_time`, `update_time`) values('314','8','点击更多车','18','18','2','2',NULL,'60200000',NULL,NOW(),NOW());
insert into `tag_info` (`id`, `tag_no`, `name`, `page_info_id`, `page_no`, `action_id`, `target_id`, `comment`, `origin_version`, `inspect_status`, `create_time`, `update_time`) values('315','9','点击收藏','18','18','2','2',NULL,'60200000',NULL,NOW(),NOW());
insert into `tag_info` (`id`, `tag_no`, `name`, `page_info_id`, `page_no`, `action_id`, `target_id`, `comment`, `origin_version`, `inspect_status`, `create_time`, `update_time`) values('316','10','点击分享','18','18','2','2',NULL,'60200000',NULL,NOW(),NOW());
insert into `tag_info` (`id`, `tag_no`, `name`, `page_info_id`, `page_no`, `action_id`, `target_id`, `comment`, `origin_version`, `inspect_status`, `create_time`, `update_time`) values('317','11','点击地图上的换乘节点','18','18','2','7',NULL,'60200000',NULL,NOW(),NOW());
insert into `tag_info` (`id`, `tag_no`, `name`, `page_info_id`, `page_no`, `action_id`, `target_id`, `comment`, `origin_version`, `inspect_status`, `create_time`, `update_time`) values('318','12','弹出更多车浮层','18','18','1','4',NULL,'60200000',NULL,NOW(),NOW());
insert into `tag_info` (`id`, `tag_no`, `name`, `page_info_id`, `page_no`, `action_id`, `target_id`, `comment`, `origin_version`, `inspect_status`, `create_time`, `update_time`) values('319','13','点击更多车浮层蒙黑区域','18','18','2','2',NULL,'60200000',NULL,NOW(),NOW());
insert into `tag_info` (`id`, `tag_no`, `name`, `page_info_id`, `page_no`, `action_id`, `target_id`, `comment`, `origin_version`, `inspect_status`, `create_time`, `update_time`) values('320','14','点击更多车浮层选择车次','18','18','2','2',NULL,'60200000',NULL,NOW(),NOW());
insert into `tag_info` (`id`, `tag_no`, `name`, `page_info_id`, `page_no`, `action_id`, `target_id`, `comment`, `origin_version`, `inspect_status`, `create_time`, `update_time`) values('321','1','步行方案页面打开','19','19','1','1',NULL,'60200000',NULL,NOW(),NOW());
insert into `tag_info` (`id`, `tag_no`, `name`, `page_info_id`, `page_no`, `action_id`, `target_id`, `comment`, `origin_version`, `inspect_status`, `create_time`, `update_time`) values('322','2','点击返回','19','19','2','2',NULL,'60200000',NULL,NOW(),NOW());
insert into `tag_info` (`id`, `tag_no`, `name`, `page_info_id`, `page_no`, `action_id`, `target_id`, `comment`, `origin_version`, `inspect_status`, `create_time`, `update_time`) values('323','3','点击起终点区域','19','19','2','2',NULL,'60200000',NULL,NOW(),NOW());
insert into `tag_info` (`id`, `tag_no`, `name`, `page_info_id`, `page_no`, `action_id`, `target_id`, `comment`, `origin_version`, `inspect_status`, `create_time`, `update_time`) values('324','4','点击列表耳朵','19','19','2','2',NULL,'60200000',NULL,NOW(),NOW());
insert into `tag_info` (`id`, `tag_no`, `name`, `page_info_id`, `page_no`, `action_id`, `target_id`, `comment`, `origin_version`, `inspect_status`, `create_time`, `update_time`) values('325','5','拖动列表耳朵','19','19','3','2',NULL,'60200000',NULL,NOW(),NOW());
insert into `tag_info` (`id`, `tag_no`, `name`, `page_info_id`, `page_no`, `action_id`, `target_id`, `comment`, `origin_version`, `inspect_status`, `create_time`, `update_time`) values('326','6','点击叫车','19','19','2','2',NULL,'60200000',NULL,NOW(),NOW());
insert into `tag_info` (`id`, `tag_no`, `name`, `page_info_id`, `page_no`, `action_id`, `target_id`, `comment`, `origin_version`, `inspect_status`, `create_time`, `update_time`) values('327','7','点击详情描述','19','19','2','2',NULL,'60200000',NULL,NOW(),NOW());
insert into `tag_info` (`id`, `tag_no`, `name`, `page_info_id`, `page_no`, `action_id`, `target_id`, `comment`, `origin_version`, `inspect_status`, `create_time`, `update_time`) values('328','8','点击路线上的节点','19','19','2','2',NULL,'60200000',NULL,NOW(),NOW());
insert into `tag_info` (`id`, `tag_no`, `name`, `page_info_id`, `page_no`, `action_id`, `target_id`, `comment`, `origin_version`, `inspect_status`, `create_time`, `update_time`) values('329','9','点击上一条描述','19','19','2','2',NULL,'60200000',NULL,NOW(),NOW());
insert into `tag_info` (`id`, `tag_no`, `name`, `page_info_id`, `page_no`, `action_id`, `target_id`, `comment`, `origin_version`, `inspect_status`, `create_time`, `update_time`) values('330','10','点击下一条描述','19','19','2','2',NULL,'60200000',NULL,NOW(),NOW());
insert into `tag_info` (`id`, `tag_no`, `name`, `page_info_id`, `page_no`, `action_id`, `target_id`, `comment`, `origin_version`, `inspect_status`, `create_time`, `update_time`) values('331','11','滑动上一条描述','19','19','3','2',NULL,'60200000',NULL,NOW(),NOW());
insert into `tag_info` (`id`, `tag_no`, `name`, `page_info_id`, `page_no`, `action_id`, `target_id`, `comment`, `origin_version`, `inspect_status`, `create_time`, `update_time`) values('332','12','滑动下一条描述','19','19','3','2',NULL,'60200000',NULL,NOW(),NOW());
insert into `tag_info` (`id`, `tag_no`, `name`, `page_info_id`, `page_no`, `action_id`, `target_id`, `comment`, `origin_version`, `inspect_status`, `create_time`, `update_time`) values('333','1','账号登录页打开','20','20','1','1',NULL,'60200000',NULL,NOW(),NOW());
insert into `tag_info` (`id`, `tag_no`, `name`, `page_info_id`, `page_no`, `action_id`, `target_id`, `comment`, `origin_version`, `inspect_status`, `create_time`, `update_time`) values('334','2','点击返回','20','20','2','2',NULL,'60200000',NULL,NOW(),NOW());
insert into `tag_info` (`id`, `tag_no`, `name`, `page_info_id`, `page_no`, `action_id`, `target_id`, `comment`, `origin_version`, `inspect_status`, `create_time`, `update_time`) values('335','3','点击注册','20','20','2','2',NULL,'60200000',NULL,NOW(),NOW());
insert into `tag_info` (`id`, `tag_no`, `name`, `page_info_id`, `page_no`, `action_id`, `target_id`, `comment`, `origin_version`, `inspect_status`, `create_time`, `update_time`) values('336','4','点击QQ登录','20','20','2','2',NULL,'60200000',NULL,NOW(),NOW());
insert into `tag_info` (`id`, `tag_no`, `name`, `page_info_id`, `page_no`, `action_id`, `target_id`, `comment`, `origin_version`, `inspect_status`, `create_time`, `update_time`) values('337','5','点击微博登录','20','20','2','2',NULL,'60200000',NULL,NOW(),NOW());
insert into `tag_info` (`id`, `tag_no`, `name`, `page_info_id`, `page_no`, `action_id`, `target_id`, `comment`, `origin_version`, `inspect_status`, `create_time`, `update_time`) values('338','6','点击人人网登录','20','20','2','2',NULL,'60200000',NULL,NOW(),NOW());
insert into `tag_info` (`id`, `tag_no`, `name`, `page_info_id`, `page_no`, `action_id`, `target_id`, `comment`, `origin_version`, `inspect_status`, `create_time`, `update_time`) values('339','7','点击账号区域','20','20','2','2',NULL,'60200000',NULL,NOW(),NOW());
insert into `tag_info` (`id`, `tag_no`, `name`, `page_info_id`, `page_no`, `action_id`, `target_id`, `comment`, `origin_version`, `inspect_status`, `create_time`, `update_time`) values('340','8','点击密码区域','20','20','2','2',NULL,'60200000',NULL,NOW(),NOW());
insert into `tag_info` (`id`, `tag_no`, `name`, `page_info_id`, `page_no`, `action_id`, `target_id`, `comment`, `origin_version`, `inspect_status`, `create_time`, `update_time`) values('341','9','点击忘记密码','20','20','2','2',NULL,'60200000',NULL,NOW(),NOW());
insert into `tag_info` (`id`, `tag_no`, `name`, `page_info_id`, `page_no`, `action_id`, `target_id`, `comment`, `origin_version`, `inspect_status`, `create_time`, `update_time`) values('342','10','点击登录','20','20','2','2',NULL,'60200000',NULL,NOW(),NOW());
insert into `tag_info` (`id`, `tag_no`, `name`, `page_info_id`, `page_no`, `action_id`, `target_id`, `comment`, `origin_version`, `inspect_status`, `create_time`, `update_time`) values('343','1','注册页打开','21','21','1','1',NULL,'60200000',NULL,NOW(),NOW());
insert into `tag_info` (`id`, `tag_no`, `name`, `page_info_id`, `page_no`, `action_id`, `target_id`, `comment`, `origin_version`, `inspect_status`, `create_time`, `update_time`) values('344','2','点击返回','21','21','2','2',NULL,'60200000',NULL,NOW(),NOW());
insert into `tag_info` (`id`, `tag_no`, `name`, `page_info_id`, `page_no`, `action_id`, `target_id`, `comment`, `origin_version`, `inspect_status`, `create_time`, `update_time`) values('345','3','点击手机号区域','21','21','2','2',NULL,'60200000',NULL,NOW(),NOW());
insert into `tag_info` (`id`, `tag_no`, `name`, `page_info_id`, `page_no`, `action_id`, `target_id`, `comment`, `origin_version`, `inspect_status`, `create_time`, `update_time`) values('346','4','点击密码密码','21','21','2','2',NULL,'60200000',NULL,NOW(),NOW());
insert into `tag_info` (`id`, `tag_no`, `name`, `page_info_id`, `page_no`, `action_id`, `target_id`, `comment`, `origin_version`, `inspect_status`, `create_time`, `update_time`) values('347','5','点击显示密码','21','21','2','2',NULL,'60200000',NULL,NOW(),NOW());
insert into `tag_info` (`id`, `tag_no`, `name`, `page_info_id`, `page_no`, `action_id`, `target_id`, `comment`, `origin_version`, `inspect_status`, `create_time`, `update_time`) values('348','6','点击下一步','21','21','2','2',NULL,'60200000',NULL,NOW(),NOW());
insert into `tag_info` (`id`, `tag_no`, `name`, `page_info_id`, `page_no`, `action_id`, `target_id`, `comment`, `origin_version`, `inspect_status`, `create_time`, `update_time`) values('349','1','验证码输入页打开','22','22','1','1',NULL,'60200000',NULL,NOW(),NOW());
insert into `tag_info` (`id`, `tag_no`, `name`, `page_info_id`, `page_no`, `action_id`, `target_id`, `comment`, `origin_version`, `inspect_status`, `create_time`, `update_time`) values('350','2','点击重新获取','22','22','2','2',NULL,'60200000',NULL,NOW(),NOW());
insert into `tag_info` (`id`, `tag_no`, `name`, `page_info_id`, `page_no`, `action_id`, `target_id`, `comment`, `origin_version`, `inspect_status`, `create_time`, `update_time`) values('351','3','点击下一步','22','22','2','2',NULL,'60200000',NULL,NOW(),NOW());
insert into `tag_info` (`id`, `tag_no`, `name`, `page_info_id`, `page_no`, `action_id`, `target_id`, `comment`, `origin_version`, `inspect_status`, `create_time`, `update_time`) values('352','1','我的消息页打开','23','23','1','1',NULL,'60200000',NULL,NOW(),NOW());
insert into `tag_info` (`id`, `tag_no`, `name`, `page_info_id`, `page_no`, `action_id`, `target_id`, `comment`, `origin_version`, `inspect_status`, `create_time`, `update_time`) values('353','2','点击返回','23','23','2','2',NULL,'60200000',NULL,NOW(),NOW());
insert into `tag_info` (`id`, `tag_no`, `name`, `page_info_id`, `page_no`, `action_id`, `target_id`, `comment`, `origin_version`, `inspect_status`, `create_time`, `update_time`) values('354','3','点击清空','23','23','2','2',NULL,'60200000',NULL,NOW(),NOW());
insert into `tag_info` (`id`, `tag_no`, `name`, `page_info_id`, `page_no`, `action_id`, `target_id`, `comment`, `origin_version`, `inspect_status`, `create_time`, `update_time`) values('355','4','点击消息列表','23','23','2','2',NULL,'60200000',NULL,NOW(),NOW());
insert into `tag_info` (`id`, `tag_no`, `name`, `page_info_id`, `page_no`, `action_id`, `target_id`, `comment`, `origin_version`, `inspect_status`, `create_time`, `update_time`) values('356','7','清空消息弹框','23','23','2','2',NULL,'60200000',NULL,NOW(),NOW());
insert into `tag_info` (`id`, `tag_no`, `name`, `page_info_id`, `page_no`, `action_id`, `target_id`, `comment`, `origin_version`, `inspect_status`, `create_time`, `update_time`) values('357','1','我的积分页打开','24','24','1','1',NULL,'60200000',NULL,NOW(),NOW());
insert into `tag_info` (`id`, `tag_no`, `name`, `page_info_id`, `page_no`, `action_id`, `target_id`, `comment`, `origin_version`, `inspect_status`, `create_time`, `update_time`) values('358','2','点击返回','24','24','2','2',NULL,'60200000',NULL,NOW(),NOW());
insert into `tag_info` (`id`, `tag_no`, `name`, `page_info_id`, `page_no`, `action_id`, `target_id`, `comment`, `origin_version`, `inspect_status`, `create_time`, `update_time`) values('359','3','点击登录','24','24','2','2',NULL,'60200000',NULL,NOW(),NOW());
insert into `tag_info` (`id`, `tag_no`, `name`, `page_info_id`, `page_no`, `action_id`, `target_id`, `comment`, `origin_version`, `inspect_status`, `create_time`, `update_time`) values('360','4','点击积分商城','24','24','2','2',NULL,'60200000',NULL,NOW(),NOW());
insert into `tag_info` (`id`, `tag_no`, `name`, `page_info_id`, `page_no`, `action_id`, `target_id`, `comment`, `origin_version`, `inspect_status`, `create_time`, `update_time`) values('361','5','点击积分规则','24','24','2','2',NULL,'60200000',NULL,NOW(),NOW());
insert into `tag_info` (`id`, `tag_no`, `name`, `page_info_id`, `page_no`, `action_id`, `target_id`, `comment`, `origin_version`, `inspect_status`, `create_time`, `update_time`) values('362','6','设置我的家','24','24','2','2',NULL,'60200000',NULL,NOW(),NOW());
insert into `tag_info` (`id`, `tag_no`, `name`, `page_info_id`, `page_no`, `action_id`, `target_id`, `comment`, `origin_version`, `inspect_status`, `create_time`, `update_time`) values('363','7','设置我的公司','24','24','2','2',NULL,'60200000',NULL,NOW(),NOW());
insert into `tag_info` (`id`, `tag_no`, `name`, `page_info_id`, `page_no`, `action_id`, `target_id`, `comment`, `origin_version`, `inspect_status`, `create_time`, `update_time`) values('364','8','点击积分活动广告图','24','24','2','2',NULL,'60200000',NULL,NOW(),NOW());
insert into `tag_info` (`id`, `tag_no`, `name`, `page_info_id`, `page_no`, `action_id`, `target_id`, `comment`, `origin_version`, `inspect_status`, `create_time`, `update_time`) values('365','9','点击每日打卡','24','24','2','2',NULL,'60200000',NULL,NOW(),NOW());
insert into `tag_info` (`id`, `tag_no`, `name`, `page_info_id`, `page_no`, `action_id`, `target_id`, `comment`, `origin_version`, `inspect_status`, `create_time`, `update_time`) values('366','1','积分规则页打开','25','25','1','1',NULL,'60200000',NULL,NOW(),NOW());
insert into `tag_info` (`id`, `tag_no`, `name`, `page_info_id`, `page_no`, `action_id`, `target_id`, `comment`, `origin_version`, `inspect_status`, `create_time`, `update_time`) values('367','2','点击返回','25','25','2','2',NULL,'60200000',NULL,NOW(),NOW());
insert into `tag_info` (`id`, `tag_no`, `name`, `page_info_id`, `page_no`, `action_id`, `target_id`, `comment`, `origin_version`, `inspect_status`, `create_time`, `update_time`) values('368','1','积分商城页打开','26','26','1','1',NULL,'60200000',NULL,NOW(),NOW());
insert into `tag_info` (`id`, `tag_no`, `name`, `page_info_id`, `page_no`, `action_id`, `target_id`, `comment`, `origin_version`, `inspect_status`, `create_time`, `update_time`) values('369','2','点击返回','26','26','2','2',NULL,'60200000',NULL,NOW(),NOW());
insert into `tag_info` (`id`, `tag_no`, `name`, `page_info_id`, `page_no`, `action_id`, `target_id`, `comment`, `origin_version`, `inspect_status`, `create_time`, `update_time`) values('370','3','点击广告banner图','26','26','2','2',NULL,'60200000',NULL,NOW(),NOW());
insert into `tag_info` (`id`, `tag_no`, `name`, `page_info_id`, `page_no`, `action_id`, `target_id`, `comment`, `origin_version`, `inspect_status`, `create_time`, `update_time`) values('371','4','点击兑换','26','26','2','2',NULL,'60200000',NULL,NOW(),NOW());
insert into `tag_info` (`id`, `tag_no`, `name`, `page_info_id`, `page_no`, `action_id`, `target_id`, `comment`, `origin_version`, `inspect_status`, `create_time`, `update_time`) values('372','5','点击兑换按钮外区域','26','26','2','2',NULL,'60200000',NULL,NOW(),NOW());
insert into `tag_info` (`id`, `tag_no`, `name`, `page_info_id`, `page_no`, `action_id`, `target_id`, `comment`, `origin_version`, `inspect_status`, `create_time`, `update_time`) values('373','1','商品详情页打开','27','27','1','1',NULL,'60200000',NULL,NOW(),NOW());
insert into `tag_info` (`id`, `tag_no`, `name`, `page_info_id`, `page_no`, `action_id`, `target_id`, `comment`, `origin_version`, `inspect_status`, `create_time`, `update_time`) values('374','2','点击返回','27','27','2','2',NULL,'60200000',NULL,NOW(),NOW());
insert into `tag_info` (`id`, `tag_no`, `name`, `page_info_id`, `page_no`, `action_id`, `target_id`, `comment`, `origin_version`, `inspect_status`, `create_time`, `update_time`) values('375','3','点击兑换','27','27','2','2',NULL,'60200000',NULL,NOW(),NOW());
insert into `tag_info` (`id`, `tag_no`, `name`, `page_info_id`, `page_no`, `action_id`, `target_id`, `comment`, `origin_version`, `inspect_status`, `create_time`, `update_time`) values('376','1','我的奖品页打开','28','28','1','1',NULL,'60200000',NULL,NOW(),NOW());
insert into `tag_info` (`id`, `tag_no`, `name`, `page_info_id`, `page_no`, `action_id`, `target_id`, `comment`, `origin_version`, `inspect_status`, `create_time`, `update_time`) values('377','2','点击返回','28','28','2','2',NULL,'60200000',NULL,NOW(),NOW());
insert into `tag_info` (`id`, `tag_no`, `name`, `page_info_id`, `page_no`, `action_id`, `target_id`, `comment`, `origin_version`, `inspect_status`, `create_time`, `update_time`) values('378','3','点击查看','28','28','2','2',NULL,'60200000',NULL,NOW(),NOW());
insert into `tag_info` (`id`, `tag_no`, `name`, `page_info_id`, `page_no`, `action_id`, `target_id`, `comment`, `origin_version`, `inspect_status`, `create_time`, `update_time`) values('379','1','领取界面页打开','29','29','1','1',NULL,'60200000',NULL,NOW(),NOW());
insert into `tag_info` (`id`, `tag_no`, `name`, `page_info_id`, `page_no`, `action_id`, `target_id`, `comment`, `origin_version`, `inspect_status`, `create_time`, `update_time`) values('380','2','点击取消','29','29','2','2',NULL,'60200000',NULL,NOW(),NOW());
insert into `tag_info` (`id`, `tag_no`, `name`, `page_info_id`, `page_no`, `action_id`, `target_id`, `comment`, `origin_version`, `inspect_status`, `create_time`, `update_time`) values('381','3','点击手机号区域','29','29','2','2',NULL,'60200000',NULL,NOW(),NOW());
insert into `tag_info` (`id`, `tag_no`, `name`, `page_info_id`, `page_no`, `action_id`, `target_id`, `comment`, `origin_version`, `inspect_status`, `create_time`, `update_time`) values('382','4','点击姓名区域','29','29','2','2',NULL,'60200000',NULL,NOW(),NOW());
insert into `tag_info` (`id`, `tag_no`, `name`, `page_info_id`, `page_no`, `action_id`, `target_id`, `comment`, `origin_version`, `inspect_status`, `create_time`, `update_time`) values('383','5','点击地址区域','29','29','2','2',NULL,'60200000',NULL,NOW(),NOW());
insert into `tag_info` (`id`, `tag_no`, `name`, `page_info_id`, `page_no`, `action_id`, `target_id`, `comment`, `origin_version`, `inspect_status`, `create_time`, `update_time`) values('384','6','点击提交','29','29','2','2',NULL,'60200000',NULL,NOW(),NOW());
insert into `tag_info` (`id`, `tag_no`, `name`, `page_info_id`, `page_no`, `action_id`, `target_id`, `comment`, `origin_version`, `inspect_status`, `create_time`, `update_time`) values('385','1','领取成功界面打开','30','30','1','3',NULL,'60200000',NULL,NOW(),NOW());
insert into `tag_info` (`id`, `tag_no`, `name`, `page_info_id`, `page_no`, `action_id`, `target_id`, `comment`, `origin_version`, `inspect_status`, `create_time`, `update_time`) values('386','2','点击取消','30','30','2','2',NULL,'60200000',NULL,NOW(),NOW());
insert into `tag_info` (`id`, `tag_no`, `name`, `page_info_id`, `page_no`, `action_id`, `target_id`, `comment`, `origin_version`, `inspect_status`, `create_time`, `update_time`) values('387','3','点击分享','30','30','2','2',NULL,'60200000',NULL,NOW(),NOW());
insert into `tag_info` (`id`, `tag_no`, `name`, `page_info_id`, `page_no`, `action_id`, `target_id`, `comment`, `origin_version`, `inspect_status`, `create_time`, `update_time`) values('388','1','添加车辆页打开','31','31','1','1',NULL,'60200000',NULL,NOW(),NOW());
insert into `tag_info` (`id`, `tag_no`, `name`, `page_info_id`, `page_no`, `action_id`, `target_id`, `comment`, `origin_version`, `inspect_status`, `create_time`, `update_time`) values('389','2','点击返回','31','31','2','2',NULL,'60200000',NULL,NOW(),NOW());
insert into `tag_info` (`id`, `tag_no`, `name`, `page_info_id`, `page_no`, `action_id`, `target_id`, `comment`, `origin_version`, `inspect_status`, `create_time`, `update_time`) values('390','3','点击完成','31','31','2','2',NULL,'60200000',NULL,NOW(),NOW());
insert into `tag_info` (`id`, `tag_no`, `name`, `page_info_id`, `page_no`, `action_id`, `target_id`, `comment`, `origin_version`, `inspect_status`, `create_time`, `update_time`) values('391','4','点击查询地','31','31','2','2',NULL,'60200000',NULL,NOW(),NOW());
insert into `tag_info` (`id`, `tag_no`, `name`, `page_info_id`, `page_no`, `action_id`, `target_id`, `comment`, `origin_version`, `inspect_status`, `create_time`, `update_time`) values('392','5','选择车牌号区域','31','31','2','2',NULL,'60200000',NULL,NOW(),NOW());
insert into `tag_info` (`id`, `tag_no`, `name`, `page_info_id`, `page_no`, `action_id`, `target_id`, `comment`, `origin_version`, `inspect_status`, `create_time`, `update_time`) values('393','6','输入车牌号码','31','31','5','8',NULL,'60200000',NULL,NOW(),NOW());
insert into `tag_info` (`id`, `tag_no`, `name`, `page_info_id`, `page_no`, `action_id`, `target_id`, `comment`, `origin_version`, `inspect_status`, `create_time`, `update_time`) values('394','7','输入发动机号','31','31','5','8',NULL,'60200000',NULL,NOW(),NOW());
insert into `tag_info` (`id`, `tag_no`, `name`, `page_info_id`, `page_no`, `action_id`, `target_id`, `comment`, `origin_version`, `inspect_status`, `create_time`, `update_time`) values('395','8','点击帮助','31','31','2','2',NULL,'60200000',NULL,NOW(),NOW());
insert into `tag_info` (`id`, `tag_no`, `name`, `page_info_id`, `page_no`, `action_id`, `target_id`, `comment`, `origin_version`, `inspect_status`, `create_time`, `update_time`) values('396','9','输入车架号','31','31','5','8',NULL,'60200000',NULL,NOW(),NOW());
insert into `tag_info` (`id`, `tag_no`, `name`, `page_info_id`, `page_no`, `action_id`, `target_id`, `comment`, `origin_version`, `inspect_status`, `create_time`, `update_time`) values('397','10','点击车型','31','31','2','2',NULL,'60200000',NULL,NOW(),NOW());
insert into `tag_info` (`id`, `tag_no`, `name`, `page_info_id`, `page_no`, `action_id`, `target_id`, `comment`, `origin_version`, `inspect_status`, `create_time`, `update_time`) values('398','11','弹起键盘','31','31','2','2',NULL,'60200000',NULL,NOW(),NOW());
insert into `tag_info` (`id`, `tag_no`, `name`, `page_info_id`, `page_no`, `action_id`, `target_id`, `comment`, `origin_version`, `inspect_status`, `create_time`, `update_time`) values('399','12','收起键盘','31','31','2','2',NULL,'60200000',NULL,NOW(),NOW());
insert into `tag_info` (`id`, `tag_no`, `name`, `page_info_id`, `page_no`, `action_id`, `target_id`, `comment`, `origin_version`, `inspect_status`, `create_time`, `update_time`) values('400','1','选择查询地页打开','32','32','1','1',NULL,'60200000',NULL,NOW(),NOW());
insert into `tag_info` (`id`, `tag_no`, `name`, `page_info_id`, `page_no`, `action_id`, `target_id`, `comment`, `origin_version`, `inspect_status`, `create_time`, `update_time`) values('401','2','点击返回','32','32','2','2',NULL,'60200000',NULL,NOW(),NOW());
insert into `tag_info` (`id`, `tag_no`, `name`, `page_info_id`, `page_no`, `action_id`, `target_id`, `comment`, `origin_version`, `inspect_status`, `create_time`, `update_time`) values('402','3','点击搜索框','32','32','2','2',NULL,'60200000',NULL,NOW(),NOW());
insert into `tag_info` (`id`, `tag_no`, `name`, `page_info_id`, `page_no`, `action_id`, `target_id`, `comment`, `origin_version`, `inspect_status`, `create_time`, `update_time`) values('403','4','删除城市','32','32','2','2',NULL,'60200000',NULL,NOW(),NOW());
insert into `tag_info` (`id`, `tag_no`, `name`, `page_info_id`, `page_no`, `action_id`, `target_id`, `comment`, `origin_version`, `inspect_status`, `create_time`, `update_time`) values('404','5','选择城市','32','32','2','2',NULL,'60200000',NULL,NOW(),NOW());
insert into `tag_info` (`id`, `tag_no`, `name`, `page_info_id`, `page_no`, `action_id`, `target_id`, `comment`, `origin_version`, `inspect_status`, `create_time`, `update_time`) values('405','6','再次点击取消选择','32','32','2','2',NULL,'60200000',NULL,NOW(),NOW());
insert into `tag_info` (`id`, `tag_no`, `name`, `page_info_id`, `page_no`, `action_id`, `target_id`, `comment`, `origin_version`, `inspect_status`, `create_time`, `update_time`) values('406','7','弹起键盘','32','32','2','2',NULL,'60200000',NULL,NOW(),NOW());
insert into `tag_info` (`id`, `tag_no`, `name`, `page_info_id`, `page_no`, `action_id`, `target_id`, `comment`, `origin_version`, `inspect_status`, `create_time`, `update_time`) values('407','8','收起键盘','32','32','2','2',NULL,'60200000',NULL,NOW(),NOW());
insert into `tag_info` (`id`, `tag_no`, `name`, `page_info_id`, `page_no`, `action_id`, `target_id`, `comment`, `origin_version`, `inspect_status`, `create_time`, `update_time`) values('408','1','选择品牌页打开','33','33','1','1',NULL,'60200000',NULL,NOW(),NOW());
insert into `tag_info` (`id`, `tag_no`, `name`, `page_info_id`, `page_no`, `action_id`, `target_id`, `comment`, `origin_version`, `inspect_status`, `create_time`, `update_time`) values('409','2','点击返回','33','33',NULL,NULL,NULL,'60200000',NULL,NOW(),NOW());
insert into `tag_info` (`id`, `tag_no`, `name`, `page_info_id`, `page_no`, `action_id`, `target_id`, `comment`, `origin_version`, `inspect_status`, `create_time`, `update_time`) values('410','3','点击品牌','33','33','2','2',NULL,'60200000',NULL,NOW(),NOW());
insert into `tag_info` (`id`, `tag_no`, `name`, `page_info_id`, `page_no`, `action_id`, `target_id`, `comment`, `origin_version`, `inspect_status`, `create_time`, `update_time`) values('411','1','选择车型页打开','34','34','1','1',NULL,'60200000',NULL,NOW(),NOW());
insert into `tag_info` (`id`, `tag_no`, `name`, `page_info_id`, `page_no`, `action_id`, `target_id`, `comment`, `origin_version`, `inspect_status`, `create_time`, `update_time`) values('412','2','点击返回','34','34','2','2',NULL,'60200000',NULL,NOW(),NOW());
insert into `tag_info` (`id`, `tag_no`, `name`, `page_info_id`, `page_no`, `action_id`, `target_id`, `comment`, `origin_version`, `inspect_status`, `create_time`, `update_time`) values('413','3','点击车型','34','34','2','2',NULL,'60200000',NULL,NOW(),NOW());
insert into `tag_info` (`id`, `tag_no`, `name`, `page_info_id`, `page_no`, `action_id`, `target_id`, `comment`, `origin_version`, `inspect_status`, `create_time`, `update_time`) values('414','1','违章记录页打开','35','35','1','1',NULL,'60200000',NULL,NOW(),NOW());
insert into `tag_info` (`id`, `tag_no`, `name`, `page_info_id`, `page_no`, `action_id`, `target_id`, `comment`, `origin_version`, `inspect_status`, `create_time`, `update_time`) values('415','2','点击返回','35','35','2','2',NULL,'60200000',NULL,NOW(),NOW());
insert into `tag_info` (`id`, `tag_no`, `name`, `page_info_id`, `page_no`, `action_id`, `target_id`, `comment`, `origin_version`, `inspect_status`, `create_time`, `update_time`) values('416','3','点击更多','35','35','2','2',NULL,'60200000',NULL,NOW(),NOW());
insert into `tag_info` (`id`, `tag_no`, `name`, `page_info_id`, `page_no`, `action_id`, `target_id`, `comment`, `origin_version`, `inspect_status`, `create_time`, `update_time`) values('417','4','编辑此车辆','35','35','2','2',NULL,'60200000',NULL,NOW(),NOW());
insert into `tag_info` (`id`, `tag_no`, `name`, `page_info_id`, `page_no`, `action_id`, `target_id`, `comment`, `origin_version`, `inspect_status`, `create_time`, `update_time`) values('418','5','删除此车辆','35','35','2','2',NULL,'60200000',NULL,NOW(),NOW());
insert into `tag_info` (`id`, `tag_no`, `name`, `page_info_id`, `page_no`, `action_id`, `target_id`, `comment`, `origin_version`, `inspect_status`, `create_time`, `update_time`) values('419','6','添加新车辆','35','35','2','2',NULL,'60200000',NULL,NOW(),NOW());
insert into `tag_info` (`id`, `tag_no`, `name`, `page_info_id`, `page_no`, `action_id`, `target_id`, `comment`, `origin_version`, `inspect_status`, `create_time`, `update_time`) values('420','7','滑动查看另一辆车','35','35','3','2',NULL,'60200000',NULL,NOW(),NOW());
insert into `tag_info` (`id`, `tag_no`, `name`, `page_info_id`, `page_no`, `action_id`, `target_id`, `comment`, `origin_version`, `inspect_status`, `create_time`, `update_time`) values('421','8','点击刷新','35','35','2','2',NULL,'60200000',NULL,NOW(),NOW());
insert into `tag_info` (`id`, `tag_no`, `name`, `page_info_id`, `page_no`, `action_id`, `target_id`, `comment`, `origin_version`, `inspect_status`, `create_time`, `update_time`) values('422','9','点击下载微车按钮','35','35','2','2',NULL,'60200000',NULL,NOW(),NOW());
insert into `tag_info` (`id`, `tag_no`, `name`, `page_info_id`, `page_no`, `action_id`, `target_id`, `comment`, `origin_version`, `inspect_status`, `create_time`, `update_time`) values('423','10','点击重新加载','35','35','2','2',NULL,'60200000',NULL,NOW(),NOW());
insert into `tag_info` (`id`, `tag_no`, `name`, `page_info_id`, `page_no`, `action_id`, `target_id`, `comment`, `origin_version`, `inspect_status`, `create_time`, `update_time`) values('424','1','编辑车辆页打开','36','36','1','1',NULL,'60200000',NULL,NOW(),NOW());
insert into `tag_info` (`id`, `tag_no`, `name`, `page_info_id`, `page_no`, `action_id`, `target_id`, `comment`, `origin_version`, `inspect_status`, `create_time`, `update_time`) values('425','2','点击取消','36','36','2','2',NULL,'60200000',NULL,NOW(),NOW());
insert into `tag_info` (`id`, `tag_no`, `name`, `page_info_id`, `page_no`, `action_id`, `target_id`, `comment`, `origin_version`, `inspect_status`, `create_time`, `update_time`) values('426','3','点击完成','36','36','2','2',NULL,'60200000',NULL,NOW(),NOW());
insert into `tag_info` (`id`, `tag_no`, `name`, `page_info_id`, `page_no`, `action_id`, `target_id`, `comment`, `origin_version`, `inspect_status`, `create_time`, `update_time`) values('427','4','点击查询地','36','36','2','2',NULL,'60200000',NULL,NOW(),NOW());
insert into `tag_info` (`id`, `tag_no`, `name`, `page_info_id`, `page_no`, `action_id`, `target_id`, `comment`, `origin_version`, `inspect_status`, `create_time`, `update_time`) values('428','5','选择车牌号区域','36','36','2','2',NULL,'60200000',NULL,NOW(),NOW());
insert into `tag_info` (`id`, `tag_no`, `name`, `page_info_id`, `page_no`, `action_id`, `target_id`, `comment`, `origin_version`, `inspect_status`, `create_time`, `update_time`) values('429','6','输入车牌号','36','36','5','8',NULL,'60200000',NULL,NOW(),NOW());
insert into `tag_info` (`id`, `tag_no`, `name`, `page_info_id`, `page_no`, `action_id`, `target_id`, `comment`, `origin_version`, `inspect_status`, `create_time`, `update_time`) values('430','7','输入发动机号','36','36','2','2',NULL,'60200000',NULL,NOW(),NOW());
insert into `tag_info` (`id`, `tag_no`, `name`, `page_info_id`, `page_no`, `action_id`, `target_id`, `comment`, `origin_version`, `inspect_status`, `create_time`, `update_time`) values('431','8','点击帮助','36','36','2','2',NULL,'60200000',NULL,NOW(),NOW());
insert into `tag_info` (`id`, `tag_no`, `name`, `page_info_id`, `page_no`, `action_id`, `target_id`, `comment`, `origin_version`, `inspect_status`, `create_time`, `update_time`) values('432','9','点击车架号','36','36','2','2',NULL,'60200000',NULL,NOW(),NOW());
insert into `tag_info` (`id`, `tag_no`, `name`, `page_info_id`, `page_no`, `action_id`, `target_id`, `comment`, `origin_version`, `inspect_status`, `create_time`, `update_time`) values('433','10','点击车型','36','36','2','2',NULL,'60200000',NULL,NOW(),NOW());
insert into `tag_info` (`id`, `tag_no`, `name`, `page_info_id`, `page_no`, `action_id`, `target_id`, `comment`, `origin_version`, `inspect_status`, `create_time`, `update_time`) values('434','11','删除此车辆','36','36','2','2',NULL,'60200000',NULL,NOW(),NOW());
insert into `tag_info` (`id`, `tag_no`, `name`, `page_info_id`, `page_no`, `action_id`, `target_id`, `comment`, `origin_version`, `inspect_status`, `create_time`, `update_time`) values('435','1','路况电台页打开','37','37','1','1',NULL,'60200000',NULL,NOW(),NOW());
insert into `tag_info` (`id`, `tag_no`, `name`, `page_info_id`, `page_no`, `action_id`, `target_id`, `comment`, `origin_version`, `inspect_status`, `create_time`, `update_time`) values('436','2','点击车头朝上','37','37','2','2',NULL,'60200000',NULL,NOW(),NOW());
insert into `tag_info` (`id`, `tag_no`, `name`, `page_info_id`, `page_no`, `action_id`, `target_id`, `comment`, `origin_version`, `inspect_status`, `create_time`, `update_time`) values('437','3','点击北朝上','37','37','2','2',NULL,'60200000',NULL,NOW(),NOW());
insert into `tag_info` (`id`, `tag_no`, `name`, `page_info_id`, `page_no`, `action_id`, `target_id`, `comment`, `origin_version`, `inspect_status`, `create_time`, `update_time`) values('438','4','点击全览','37','37','2','2',NULL,'60200000',NULL,NOW(),NOW());
insert into `tag_info` (`id`, `tag_no`, `name`, `page_info_id`, `page_no`, `action_id`, `target_id`, `comment`, `origin_version`, `inspect_status`, `create_time`, `update_time`) values('439','5','点击退出','37','37','2','2',NULL,'60200000',NULL,NOW(),NOW());
insert into `tag_info` (`id`, `tag_no`, `name`, `page_info_id`, `page_no`, `action_id`, `target_id`, `comment`, `origin_version`, `inspect_status`, `create_time`, `update_time`) values('440','6','声音开','37','37','2','2',NULL,'60200000',NULL,NOW(),NOW());
insert into `tag_info` (`id`, `tag_no`, `name`, `page_info_id`, `page_no`, `action_id`, `target_id`, `comment`, `origin_version`, `inspect_status`, `create_time`, `update_time`) values('441','7','声音关','37','37','2','2',NULL,'60200000',NULL,NOW(),NOW());
insert into `tag_info` (`id`, `tag_no`, `name`, `page_info_id`, `page_no`, `action_id`, `target_id`, `comment`, `origin_version`, `inspect_status`, `create_time`, `update_time`) values('442','8','点击恢复','37','37','2','2',NULL,'60200000',NULL,NOW(),NOW());
insert into `tag_info` (`id`, `tag_no`, `name`, `page_info_id`, `page_no`, `action_id`, `target_id`, `comment`, `origin_version`, `inspect_status`, `create_time`, `update_time`) values('443','9','点击更多','37','37','2','2',NULL,'60200000',NULL,NOW(),NOW());
insert into `tag_info` (`id`, `tag_no`, `name`, `page_info_id`, `page_no`, `action_id`, `target_id`, `comment`, `origin_version`, `inspect_status`, `create_time`, `update_time`) values('444','1','上下班提醒页打开','38','38','1','1',NULL,'60200000',NULL,NOW(),NOW());
insert into `tag_info` (`id`, `tag_no`, `name`, `page_info_id`, `page_no`, `action_id`, `target_id`, `comment`, `origin_version`, `inspect_status`, `create_time`, `update_time`) values('445','2','点击返回','38','38','2','2',NULL,'60200000',NULL,NOW(),NOW());
insert into `tag_info` (`id`, `tag_no`, `name`, `page_info_id`, `page_no`, `action_id`, `target_id`, `comment`, `origin_version`, `inspect_status`, `create_time`, `update_time`) values('446','3','设置公司的位置','38','38','2','2',NULL,'60200000',NULL,NOW(),NOW());
insert into `tag_info` (`id`, `tag_no`, `name`, `page_info_id`, `page_no`, `action_id`, `target_id`, `comment`, `origin_version`, `inspect_status`, `create_time`, `update_time`) values('447','4','设置家的位置','38','38','2','2',NULL,'60200000',NULL,NOW(),NOW());
insert into `tag_info` (`id`, `tag_no`, `name`, `page_info_id`, `page_no`, `action_id`, `target_id`, `comment`, `origin_version`, `inspect_status`, `create_time`, `update_time`) values('448','5','点击回家提醒按钮','38','38','2','2',NULL,'60200000',NULL,NOW(),NOW());
insert into `tag_info` (`id`, `tag_no`, `name`, `page_info_id`, `page_no`, `action_id`, `target_id`, `comment`, `origin_version`, `inspect_status`, `create_time`, `update_time`) values('449','6','设置回家提醒时间','38','38','2','2',NULL,'60200000',NULL,NOW(),NOW());
insert into `tag_info` (`id`, `tag_no`, `name`, `page_info_id`, `page_no`, `action_id`, `target_id`, `comment`, `origin_version`, `inspect_status`, `create_time`, `update_time`) values('450','7','去公司提醒打开','38','38','2','2',NULL,'60200000',NULL,NOW(),NOW());
insert into `tag_info` (`id`, `tag_no`, `name`, `page_info_id`, `page_no`, `action_id`, `target_id`, `comment`, `origin_version`, `inspect_status`, `create_time`, `update_time`) values('451','8','设置去公司提醒时间','38','38','2','2',NULL,'60200000',NULL,NOW(),NOW());
insert into `tag_info` (`id`, `tag_no`, `name`, `page_info_id`, `page_no`, `action_id`, `target_id`, `comment`, `origin_version`, `inspect_status`, `create_time`, `update_time`) values('452','10','点击取消','38','38','2','2',NULL,'60200000',NULL,NOW(),NOW());
insert into `tag_info` (`id`, `tag_no`, `name`, `page_info_id`, `page_no`, `action_id`, `target_id`, `comment`, `origin_version`, `inspect_status`, `create_time`, `update_time`) values('453','11','点击完成','38','38','2','2',NULL,'60200000',NULL,NOW(),NOW());
insert into `tag_info` (`id`, `tag_no`, `name`, `page_info_id`, `page_no`, `action_id`, `target_id`, `comment`, `origin_version`, `inspect_status`, `create_time`, `update_time`) values('454','1','我的活动页打开','39','40','1','1',NULL,'60200000',NULL,NOW(),NOW());
insert into `tag_info` (`id`, `tag_no`, `name`, `page_info_id`, `page_no`, `action_id`, `target_id`, `comment`, `origin_version`, `inspect_status`, `create_time`, `update_time`) values('455','2','点击返回','39','40','2','2',NULL,'60200000',NULL,NOW(),NOW());
insert into `tag_info` (`id`, `tag_no`, `name`, `page_info_id`, `page_no`, `action_id`, `target_id`, `comment`, `origin_version`, `inspect_status`, `create_time`, `update_time`) values('456','1','活动详情页打开','40','41','1','1',NULL,'60200000',NULL,NOW(),NOW());
insert into `tag_info` (`id`, `tag_no`, `name`, `page_info_id`, `page_no`, `action_id`, `target_id`, `comment`, `origin_version`, `inspect_status`, `create_time`, `update_time`) values('457','2','点击返回','40','41','2','2',NULL,'60200000',NULL,NOW(),NOW());
insert into `tag_info` (`id`, `tag_no`, `name`, `page_info_id`, `page_no`, `action_id`, `target_id`, `comment`, `origin_version`, `inspect_status`, `create_time`, `update_time`) values('458','1','离线地图下载页打开','41','42','1','1',NULL,'60200000',NULL,NOW(),NOW());
insert into `tag_info` (`id`, `tag_no`, `name`, `page_info_id`, `page_no`, `action_id`, `target_id`, `comment`, `origin_version`, `inspect_status`, `create_time`, `update_time`) values('459','2','点击返回','41','42','2','2',NULL,'60200000',NULL,NOW(),NOW());
insert into `tag_info` (`id`, `tag_no`, `name`, `page_info_id`, `page_no`, `action_id`, `target_id`, `comment`, `origin_version`, `inspect_status`, `create_time`, `update_time`) values('460','3','点击全部更新','41','42','2','2',NULL,'60200000',NULL,NOW(),NOW());
insert into `tag_info` (`id`, `tag_no`, `name`, `page_info_id`, `page_no`, `action_id`, `target_id`, `comment`, `origin_version`, `inspect_status`, `create_time`, `update_time`) values('461','4','添加城市','41','42','2','2',NULL,'60200000',NULL,NOW(),NOW());
insert into `tag_info` (`id`, `tag_no`, `name`, `page_info_id`, `page_no`, `action_id`, `target_id`, `comment`, `origin_version`, `inspect_status`, `create_time`, `update_time`) values('462','5','列表展开','41','42','2','2',NULL,'60200000',NULL,NOW(),NOW());
insert into `tag_info` (`id`, `tag_no`, `name`, `page_info_id`, `page_no`, `action_id`, `target_id`, `comment`, `origin_version`, `inspect_status`, `create_time`, `update_time`) values('463','6','列表收起','41','42','2','2',NULL,'60200000',NULL,NOW(),NOW());
insert into `tag_info` (`id`, `tag_no`, `name`, `page_info_id`, `page_no`, `action_id`, `target_id`, `comment`, `origin_version`, `inspect_status`, `create_time`, `update_time`) values('464','7','点击删除','41','42','2','2',NULL,'60200000',NULL,NOW(),NOW());
insert into `tag_info` (`id`, `tag_no`, `name`, `page_info_id`, `page_no`, `action_id`, `target_id`, `comment`, `origin_version`, `inspect_status`, `create_time`, `update_time`) values('465','8','查看地图','41','42','2','2',NULL,'60200000',NULL,NOW(),NOW());
insert into `tag_info` (`id`, `tag_no`, `name`, `page_info_id`, `page_no`, `action_id`, `target_id`, `comment`, `origin_version`, `inspect_status`, `create_time`, `update_time`) values('466','9','点击暂停','41','42','2','2',NULL,'60200000',NULL,NOW(),NOW());
insert into `tag_info` (`id`, `tag_no`, `name`, `page_info_id`, `page_no`, `action_id`, `target_id`, `comment`, `origin_version`, `inspect_status`, `create_time`, `update_time`) values('467','10','点击继续','41','42','2','2',NULL,'60200000',NULL,NOW(),NOW());
insert into `tag_info` (`id`, `tag_no`, `name`, `page_info_id`, `page_no`, `action_id`, `target_id`, `comment`, `origin_version`, `inspect_status`, `create_time`, `update_time`) values('468','11','重新下载','41','42','2','2',NULL,'60200000',NULL,NOW(),NOW());
insert into `tag_info` (`id`, `tag_no`, `name`, `page_info_id`, `page_no`, `action_id`, `target_id`, `comment`, `origin_version`, `inspect_status`, `create_time`, `update_time`) values('469','12','点击更新','41','42','2','2',NULL,'60200000',NULL,NOW(),NOW());
insert into `tag_info` (`id`, `tag_no`, `name`, `page_info_id`, `page_no`, `action_id`, `target_id`, `comment`, `origin_version`, `inspect_status`, `create_time`, `update_time`) values('470','13','更改位置','41','42','2','2',NULL,'60200000',NULL,NOW(),NOW());
insert into `tag_info` (`id`, `tag_no`, `name`, `page_info_id`, `page_no`, `action_id`, `target_id`, `comment`, `origin_version`, `inspect_status`, `create_time`, `update_time`) values('471','1','地铁图页面打开','42','43','1','3',NULL,'60200000',NULL,NOW(),NOW());
insert into `tag_info` (`id`, `tag_no`, `name`, `page_info_id`, `page_no`, `action_id`, `target_id`, `comment`, `origin_version`, `inspect_status`, `create_time`, `update_time`) values('472','2','点击返回','42','43','2','2',NULL,'60200000',NULL,NOW(),NOW());
insert into `tag_info` (`id`, `tag_no`, `name`, `page_info_id`, `page_no`, `action_id`, `target_id`, `comment`, `origin_version`, `inspect_status`, `create_time`, `update_time`) values('473','1','叫车页面打开','43','44','1','1',NULL,'60200000',NULL,NOW(),NOW());
insert into `tag_info` (`id`, `tag_no`, `name`, `page_info_id`, `page_no`, `action_id`, `target_id`, `comment`, `origin_version`, `inspect_status`, `create_time`, `update_time`) values('474','2','点击返回','43','44','2','2',NULL,'60200000',NULL,NOW(),NOW());
insert into `tag_info` (`id`, `tag_no`, `name`, `page_info_id`, `page_no`, `action_id`, `target_id`, `comment`, `origin_version`, `inspect_status`, `create_time`, `update_time`) values('475','1','专题列表页面打开','44','45','1','1',NULL,'60200000',NULL,NOW(),NOW());
insert into `tag_info` (`id`, `tag_no`, `name`, `page_info_id`, `page_no`, `action_id`, `target_id`, `comment`, `origin_version`, `inspect_status`, `create_time`, `update_time`) values('476','2','城市切换','44','45','2','2',NULL,'60200000',NULL,NOW(),NOW());
insert into `tag_info` (`id`, `tag_no`, `name`, `page_info_id`, `page_no`, `action_id`, `target_id`, `comment`, `origin_version`, `inspect_status`, `create_time`, `update_time`) values('477','3','点击返回','44','45','2','2',NULL,'60200000',NULL,NOW(),NOW());
insert into `tag_info` (`id`, `tag_no`, `name`, `page_info_id`, `page_no`, `action_id`, `target_id`, `comment`, `origin_version`, `inspect_status`, `create_time`, `update_time`) values('478','1','专题详情页打开','45','46','1','1',NULL,'60200000',NULL,NOW(),NOW());
insert into `tag_info` (`id`, `tag_no`, `name`, `page_info_id`, `page_no`, `action_id`, `target_id`, `comment`, `origin_version`, `inspect_status`, `create_time`, `update_time`) values('479','2','点击返回','45','46','2','2',NULL,'60200000',NULL,NOW(),NOW());
insert into `tag_info` (`id`, `tag_no`, `name`, `page_info_id`, `page_no`, `action_id`, `target_id`, `comment`, `origin_version`, `inspect_status`, `create_time`, `update_time`) values('480','3','返回顶部','45','46','2','2',NULL,'60200000',NULL,NOW(),NOW());
insert into `tag_info` (`id`, `tag_no`, `name`, `page_info_id`, `page_no`, `action_id`, `target_id`, `comment`, `origin_version`, `inspect_status`, `create_time`, `update_time`) values('481','4','点击分享','45','46','2','2',NULL,'60200000',NULL,NOW(),NOW());
insert into `tag_info` (`id`, `tag_no`, `name`, `page_info_id`, `page_no`, `action_id`, `target_id`, `comment`, `origin_version`, `inspect_status`, `create_time`, `update_time`) values('482','5','点击喜欢','45','46','2','2',NULL,'60200000',NULL,NOW(),NOW());
insert into `tag_info` (`id`, `tag_no`, `name`, `page_info_id`, `page_no`, `action_id`, `target_id`, `comment`, `origin_version`, `inspect_status`, `create_time`, `update_time`) values('483','6','点击地图','45','46','2','2',NULL,'60200000',NULL,NOW(),NOW());
insert into `tag_info` (`id`, `tag_no`, `name`, `page_info_id`, `page_no`, `action_id`, `target_id`, `comment`, `origin_version`, `inspect_status`, `create_time`, `update_time`) values('484','1','意见反馈页打开','46','47','1','1',NULL,'60200000',NULL,NOW(),NOW());
insert into `tag_info` (`id`, `tag_no`, `name`, `page_info_id`, `page_no`, `action_id`, `target_id`, `comment`, `origin_version`, `inspect_status`, `create_time`, `update_time`) values('485','2','点击返回','46','47','2','2',NULL,'60200000',NULL,NOW(),NOW());
insert into `tag_info` (`id`, `tag_no`, `name`, `page_info_id`, `page_no`, `action_id`, `target_id`, `comment`, `origin_version`, `inspect_status`, `create_time`, `update_time`) values('486','3','点击提交','46','47','2','2',NULL,'60200000',NULL,NOW(),NOW());
insert into `tag_info` (`id`, `tag_no`, `name`, `page_info_id`, `page_no`, `action_id`, `target_id`, `comment`, `origin_version`, `inspect_status`, `create_time`, `update_time`) values('487','4','键盘弹起','46','47','2','2',NULL,'60200000',NULL,NOW(),NOW());
insert into `tag_info` (`id`, `tag_no`, `name`, `page_info_id`, `page_no`, `action_id`, `target_id`, `comment`, `origin_version`, `inspect_status`, `create_time`, `update_time`) values('488','5','键盘收起','46','47','2','2',NULL,'60200000',NULL,NOW(),NOW());
insert into `tag_info` (`id`, `tag_no`, `name`, `page_info_id`, `page_no`, `action_id`, `target_id`, `comment`, `origin_version`, `inspect_status`, `create_time`, `update_time`) values('489','1','设置页打开','47','48','1','1',NULL,'60200000',NULL,NOW(),NOW());
insert into `tag_info` (`id`, `tag_no`, `name`, `page_info_id`, `page_no`, `action_id`, `target_id`, `comment`, `origin_version`, `inspect_status`, `create_time`, `update_time`) values('490','2','点击返回','47','48','2','2',NULL,'60200000',NULL,NOW(),NOW());
insert into `tag_info` (`id`, `tag_no`, `name`, `page_info_id`, `page_no`, `action_id`, `target_id`, `comment`, `origin_version`, `inspect_status`, `create_time`, `update_time`) values('491','3','点击导航设置','47','48','2','2',NULL,'60200000',NULL,NOW(),NOW());
insert into `tag_info` (`id`, `tag_no`, `name`, `page_info_id`, `page_no`, `action_id`, `target_id`, `comment`, `origin_version`, `inspect_status`, `create_time`, `update_time`) values('492','4','打开在地图上显示收藏的点','47','48','2','2',NULL,'60200000',NULL,NOW(),NOW());
insert into `tag_info` (`id`, `tag_no`, `name`, `page_info_id`, `page_no`, `action_id`, `target_id`, `comment`, `origin_version`, `inspect_status`, `create_time`, `update_time`) values('493','5','关闭在地图上显示收藏的点','47','48','2','2',NULL,'60200000',NULL,NOW(),NOW());
insert into `tag_info` (`id`, `tag_no`, `name`, `page_info_id`, `page_no`, `action_id`, `target_id`, `comment`, `origin_version`, `inspect_status`, `create_time`, `update_time`) values('494','6','打开屏幕常亮','47','48','2','2',NULL,'60200000',NULL,NOW(),NOW());
insert into `tag_info` (`id`, `tag_no`, `name`, `page_info_id`, `page_no`, `action_id`, `target_id`, `comment`, `origin_version`, `inspect_status`, `create_time`, `update_time`) values('495','7','关闭屏幕常亮','47','48','2','2',NULL,'60200000',NULL,NOW(),NOW());
insert into `tag_info` (`id`, `tag_no`, `name`, `page_info_id`, `page_no`, `action_id`, `target_id`, `comment`, `origin_version`, `inspect_status`, `create_time`, `update_time`) values('496','8','清除历史记录','47','48','2','2',NULL,'60200000',NULL,NOW(),NOW());
insert into `tag_info` (`id`, `tag_no`, `name`, `page_info_id`, `page_no`, `action_id`, `target_id`, `comment`, `origin_version`, `inspect_status`, `create_time`, `update_time`) values('497','9','点击关于','47','48','2','2',NULL,'60200000',NULL,NOW(),NOW());
insert into `tag_info` (`id`, `tag_no`, `name`, `page_info_id`, `page_no`, `action_id`, `target_id`, `comment`, `origin_version`, `inspect_status`, `create_time`, `update_time`) values('498','10','点击给我评分','47','48','2','2',NULL,'60200000',NULL,NOW(),NOW());
insert into `tag_info` (`id`, `tag_no`, `name`, `page_info_id`, `page_no`, `action_id`, `target_id`, `comment`, `origin_version`, `inspect_status`, `create_time`, `update_time`) values('499','11','点击新功能介绍','47','48','2','2',NULL,'60200000',NULL,NOW(),NOW());
insert into `tag_info` (`id`, `tag_no`, `name`, `page_info_id`, `page_no`, `action_id`, `target_id`, `comment`, `origin_version`, `inspect_status`, `create_time`, `update_time`) values('500','12','点击使用帮助','47','48','2','2',NULL,'60200000',NULL,NOW(),NOW());
insert into `tag_info` (`id`, `tag_no`, `name`, `page_info_id`, `page_no`, `action_id`, `target_id`, `comment`, `origin_version`, `inspect_status`, `create_time`, `update_time`) values('501','1','关于页打开','48','49','1','1',NULL,'60200000',NULL,NOW(),NOW());
insert into `tag_info` (`id`, `tag_no`, `name`, `page_info_id`, `page_no`, `action_id`, `target_id`, `comment`, `origin_version`, `inspect_status`, `create_time`, `update_time`) values('502','2','点击返回','48','49','2','2',NULL,'60200000',NULL,NOW(),NOW());
insert into `tag_info` (`id`, `tag_no`, `name`, `page_info_id`, `page_no`, `action_id`, `target_id`, `comment`, `origin_version`, `inspect_status`, `create_time`, `update_time`) values('503','3','点击检测新版本','48','49','2','2',NULL,'60200000',NULL,NOW(),NOW());
insert into `tag_info` (`id`, `tag_no`, `name`, `page_info_id`, `page_no`, `action_id`, `target_id`, `comment`, `origin_version`, `inspect_status`, `create_time`, `update_time`) values('504','4','点击升级到最新版','48','49','2','2',NULL,'60200000',NULL,NOW(),NOW());
insert into `tag_info` (`id`, `tag_no`, `name`, `page_info_id`, `page_no`, `action_id`, `target_id`, `comment`, `origin_version`, `inspect_status`, `create_time`, `update_time`) values('505','1','城市列表页打开','49','50','1','1',NULL,'60200000',NULL,NOW(),NOW());
insert into `tag_info` (`id`, `tag_no`, `name`, `page_info_id`, `page_no`, `action_id`, `target_id`, `comment`, `origin_version`, `inspect_status`, `create_time`, `update_time`) values('506','2','点击返回','49','50','2','2',NULL,'60200000',NULL,NOW(),NOW());
insert into `tag_info` (`id`, `tag_no`, `name`, `page_info_id`, `page_no`, `action_id`, `target_id`, `comment`, `origin_version`, `inspect_status`, `create_time`, `update_time`) values('507','3','点击搜索框','49','50','2','2',NULL,'60200000',NULL,NOW(),NOW());
insert into `tag_info` (`id`, `tag_no`, `name`, `page_info_id`, `page_no`, `action_id`, `target_id`, `comment`, `origin_version`, `inspect_status`, `create_time`, `update_time`) values('508','4','搜索框内删除','49','50','2','2',NULL,'60200000',NULL,NOW(),NOW());
insert into `tag_info` (`id`, `tag_no`, `name`, `page_info_id`, `page_no`, `action_id`, `target_id`, `comment`, `origin_version`, `inspect_status`, `create_time`, `update_time`) values('509','5','列表展开','49','50','2','2',NULL,'60200000',NULL,NOW(),NOW());
insert into `tag_info` (`id`, `tag_no`, `name`, `page_info_id`, `page_no`, `action_id`, `target_id`, `comment`, `origin_version`, `inspect_status`, `create_time`, `update_time`) values('510','6','列表收起','49','50','2','2',NULL,'60200000',NULL,NOW(),NOW());
insert into `tag_info` (`id`, `tag_no`, `name`, `page_info_id`, `page_no`, `action_id`, `target_id`, `comment`, `origin_version`, `inspect_status`, `create_time`, `update_time`) values('511','7','点击全部下载','49','50','2','2',NULL,'60200000',NULL,NOW(),NOW());
insert into `tag_info` (`id`, `tag_no`, `name`, `page_info_id`, `page_no`, `action_id`, `target_id`, `comment`, `origin_version`, `inspect_status`, `create_time`, `update_time`) values('512','8','点击全部暂停','49','50','2','2',NULL,'60200000',NULL,NOW(),NOW());
insert into `tag_info` (`id`, `tag_no`, `name`, `page_info_id`, `page_no`, `action_id`, `target_id`, `comment`, `origin_version`, `inspect_status`, `create_time`, `update_time`) values('513','9','点击全部继续','49','50','2','2',NULL,'60200000',NULL,NOW(),NOW());
insert into `tag_info` (`id`, `tag_no`, `name`, `page_info_id`, `page_no`, `action_id`, `target_id`, `comment`, `origin_version`, `inspect_status`, `create_time`, `update_time`) values('514','10','点击下载','49','50','2','2',NULL,'60200000',NULL,NOW(),NOW());
insert into `tag_info` (`id`, `tag_no`, `name`, `page_info_id`, `page_no`, `action_id`, `target_id`, `comment`, `origin_version`, `inspect_status`, `create_time`, `update_time`) values('515','11','点击暂停','49','50','2','2',NULL,'60200000',NULL,NOW(),NOW());
insert into `tag_info` (`id`, `tag_no`, `name`, `page_info_id`, `page_no`, `action_id`, `target_id`, `comment`, `origin_version`, `inspect_status`, `create_time`, `update_time`) values('516','12','点击继续','49','50','2','2',NULL,'60200000',NULL,NOW(),NOW());
insert into `tag_info` (`id`, `tag_no`, `name`, `page_info_id`, `page_no`, `action_id`, `target_id`, `comment`, `origin_version`, `inspect_status`, `create_time`, `update_time`) values('517','13','点击更新','49','50','2','2',NULL,'60200000',NULL,NOW(),NOW());
insert into `tag_info` (`id`, `tag_no`, `name`, `page_info_id`, `page_no`, `action_id`, `target_id`, `comment`, `origin_version`, `inspect_status`, `create_time`, `update_time`) values('518','1','我的里程页打开','50','51','1','1',NULL,'60200000',NULL,NOW(),NOW());
insert into `tag_info` (`id`, `tag_no`, `name`, `page_info_id`, `page_no`, `action_id`, `target_id`, `comment`, `origin_version`, `inspect_status`, `create_time`, `update_time`) values('519','2','点击返回','50','51','2','2',NULL,'60200000',NULL,NOW(),NOW());
insert into `tag_info` (`id`, `tag_no`, `name`, `page_info_id`, `page_no`, `action_id`, `target_id`, `comment`, `origin_version`, `inspect_status`, `create_time`, `update_time`) values('520','3','开启导航轨迹记录','50','51','2','2',NULL,'60200000',NULL,NOW(),NOW());
insert into `tag_info` (`id`, `tag_no`, `name`, `page_info_id`, `page_no`, `action_id`, `target_id`, `comment`, `origin_version`, `inspect_status`, `create_time`, `update_time`) values('521','4','关闭导航轨迹记录','50','51','2','2',NULL,'60200000',NULL,NOW(),NOW());
insert into `tag_info` (`id`, `tag_no`, `name`, `page_info_id`, `page_no`, `action_id`, `target_id`, `comment`, `origin_version`, `inspect_status`, `create_time`, `update_time`) values('522','5','点击登录','50','51','2','2',NULL,'60200000',NULL,NOW(),NOW());
insert into `tag_info` (`id`, `tag_no`, `name`, `page_info_id`, `page_no`, `action_id`, `target_id`, `comment`, `origin_version`, `inspect_status`, `create_time`, `update_time`) values('523','6','点击按月收起轨迹','50','51','2','2',NULL,'60200000',NULL,NOW(),NOW());
insert into `tag_info` (`id`, `tag_no`, `name`, `page_info_id`, `page_no`, `action_id`, `target_id`, `comment`, `origin_version`, `inspect_status`, `create_time`, `update_time`) values('524','7','点击按天展开轨迹','50','51','2','2',NULL,'60200000',NULL,NOW(),NOW());
insert into `tag_info` (`id`, `tag_no`, `name`, `page_info_id`, `page_no`, `action_id`, `target_id`, `comment`, `origin_version`, `inspect_status`, `create_time`, `update_time`) values('525','8','点击进入导航轨迹详情页','50','51','2','2',NULL,'60200000',NULL,NOW(),NOW());
insert into `tag_info` (`id`, `tag_no`, `name`, `page_info_id`, `page_no`, `action_id`, `target_id`, `comment`, `origin_version`, `inspect_status`, `create_time`, `update_time`) values('526','9','左滑/长按删除','50','51','2','2',NULL,'60200000',NULL,NOW(),NOW());
insert into `tag_info` (`id`, `tag_no`, `name`, `page_info_id`, `page_no`, `action_id`, `target_id`, `comment`, `origin_version`, `inspect_status`, `create_time`, `update_time`) values('527','10','点击加载更多结果','50','51','2','2',NULL,'60200000',NULL,NOW(),NOW());
insert into `tag_info` (`id`, `tag_no`, `name`, `page_info_id`, `page_no`, `action_id`, `target_id`, `comment`, `origin_version`, `inspect_status`, `create_time`, `update_time`) values('528','11','点击导航总结入口','50','51','2','2',NULL,'60200000',NULL,NOW(),NOW());
insert into `tag_info` (`id`, `tag_no`, `name`, `page_info_id`, `page_no`, `action_id`, `target_id`, `comment`, `origin_version`, `inspect_status`, `create_time`, `update_time`) values('529','1','导航轨迹详情页打开','51','52','1','1',NULL,'60200000',NULL,NOW(),NOW());
insert into `tag_info` (`id`, `tag_no`, `name`, `page_info_id`, `page_no`, `action_id`, `target_id`, `comment`, `origin_version`, `inspect_status`, `create_time`, `update_time`) values('530','2','点击返回','51','52','2','2',NULL,'60200000',NULL,NOW(),NOW());
insert into `tag_info` (`id`, `tag_no`, `name`, `page_info_id`, `page_no`, `action_id`, `target_id`, `comment`, `origin_version`, `inspect_status`, `create_time`, `update_time`) values('531','3','点击备注','51','52','2','2',NULL,'60200000',NULL,NOW(),NOW());
insert into `tag_info` (`id`, `tag_no`, `name`, `page_info_id`, `page_no`, `action_id`, `target_id`, `comment`, `origin_version`, `inspect_status`, `create_time`, `update_time`) values('532','4','点击导航','51','52','2','2',NULL,'60200000',NULL,NOW(),NOW());
insert into `tag_info` (`id`, `tag_no`, `name`, `page_info_id`, `page_no`, `action_id`, `target_id`, `comment`, `origin_version`, `inspect_status`, `create_time`, `update_time`) values('533','5','点击分享','51','52','2','2',NULL,'60200000',NULL,NOW(),NOW());
insert into `tag_info` (`id`, `tag_no`, `name`, `page_info_id`, `page_no`, `action_id`, `target_id`, `comment`, `origin_version`, `inspect_status`, `create_time`, `update_time`) values('534','1','我的收藏页面打开','52','53','1','1',NULL,'60200000',NULL,NOW(),NOW());
insert into `tag_info` (`id`, `tag_no`, `name`, `page_info_id`, `page_no`, `action_id`, `target_id`, `comment`, `origin_version`, `inspect_status`, `create_time`, `update_time`) values('535','2','点击返回','52','53','2','2',NULL,'60200000',NULL,NOW(),NOW());
insert into `tag_info` (`id`, `tag_no`, `name`, `page_info_id`, `page_no`, `action_id`, `target_id`, `comment`, `origin_version`, `inspect_status`, `create_time`, `update_time`) values('536','3','点击我的收藏','52','53','2','2',NULL,'60200000',NULL,NOW(),NOW());
insert into `tag_info` (`id`, `tag_no`, `name`, `page_info_id`, `page_no`, `action_id`, `target_id`, `comment`, `origin_version`, `inspect_status`, `create_time`, `update_time`) values('537','4','再次点击我的收藏','52','53','2','2',NULL,'60200000',NULL,NOW(),NOW());
insert into `tag_info` (`id`, `tag_no`, `name`, `page_info_id`, `page_no`, `action_id`, `target_id`, `comment`, `origin_version`, `inspect_status`, `create_time`, `update_time`) values('538','5','击编辑','52','53','2','2',NULL,'60200000',NULL,NOW(),NOW());
insert into `tag_info` (`id`, `tag_no`, `name`, `page_info_id`, `page_no`, `action_id`, `target_id`, `comment`, `origin_version`, `inspect_status`, `create_time`, `update_time`) values('539','6','击完成','52','53','2','2',NULL,'60200000',NULL,NOW(),NOW());
insert into `tag_info` (`id`, `tag_no`, `name`, `page_info_id`, `page_no`, `action_id`, `target_id`, `comment`, `origin_version`, `inspect_status`, `create_time`, `update_time`) values('540','7','设置我的家','52','53','2','2',NULL,'60200000',NULL,NOW(),NOW());
insert into `tag_info` (`id`, `tag_no`, `name`, `page_info_id`, `page_no`, `action_id`, `target_id`, `comment`, `origin_version`, `inspect_status`, `create_time`, `update_time`) values('541','8','修改我的家','52','53','2','2',NULL,'60200000',NULL,NOW(),NOW());
insert into `tag_info` (`id`, `tag_no`, `name`, `page_info_id`, `page_no`, `action_id`, `target_id`, `comment`, `origin_version`, `inspect_status`, `create_time`, `update_time`) values('542','9','设置我的公司','52','53','2','2',NULL,'60200000',NULL,NOW(),NOW());
insert into `tag_info` (`id`, `tag_no`, `name`, `page_info_id`, `page_no`, `action_id`, `target_id`, `comment`, `origin_version`, `inspect_status`, `create_time`, `update_time`) values('543','10','修改我的公司','52','53','2','2',NULL,'60200000',NULL,NOW(),NOW());
insert into `tag_info` (`id`, `tag_no`, `name`, `page_info_id`, `page_no`, `action_id`, `target_id`, `comment`, `origin_version`, `inspect_status`, `create_time`, `update_time`) values('544','11','点击进入收藏详情页','52','53','2','2',NULL,'60200000',NULL,NOW(),NOW());
insert into `tag_info` (`id`, `tag_no`, `name`, `page_info_id`, `page_no`, `action_id`, `target_id`, `comment`, `origin_version`, `inspect_status`, `create_time`, `update_time`) values('545','12','左滑/长按','52','53','3','2',NULL,'60200000',NULL,NOW(),NOW());
insert into `tag_info` (`id`, `tag_no`, `name`, `page_info_id`, `page_no`, `action_id`, `target_id`, `comment`, `origin_version`, `inspect_status`, `create_time`, `update_time`) values('546','13','点击备注','52','53','2','2',NULL,'60200000',NULL,NOW(),NOW());
insert into `tag_info` (`id`, `tag_no`, `name`, `page_info_id`, `page_no`, `action_id`, `target_id`, `comment`, `origin_version`, `inspect_status`, `create_time`, `update_time`) values('547','14','点击删除','52','53','2','2',NULL,'60200000',NULL,NOW(),NOW());
insert into `tag_info` (`id`, `tag_no`, `name`, `page_info_id`, `page_no`, `action_id`, `target_id`, `comment`, `origin_version`, `inspect_status`, `create_time`, `update_time`) values('548','15','点击添加','52','53','2','2',NULL,'60200000',NULL,NOW(),NOW());
insert into `tag_info` (`id`, `tag_no`, `name`, `page_info_id`, `page_no`, `action_id`, `target_id`, `comment`, `origin_version`, `inspect_status`, `create_time`, `update_time`) values('549','16','点击同步','52','53','2','2',NULL,'60200000',NULL,NOW(),NOW());
insert into `tag_info` (`id`, `tag_no`, `name`, `page_info_id`, `page_no`, `action_id`, `target_id`, `comment`, `origin_version`, `inspect_status`, `create_time`, `update_time`) values('550','17','同步弹框打开','52','53','1','3',NULL,'60200000',NULL,NOW(),NOW());
insert into `tag_info` (`id`, `tag_no`, `name`, `page_info_id`, `page_no`, `action_id`, `target_id`, `comment`, `origin_version`, `inspect_status`, `create_time`, `update_time`) values('551','18','取消同步','52','53','2','2',NULL,'60200000',NULL,NOW(),NOW());
insert into `tag_info` (`id`, `tag_no`, `name`, `page_info_id`, `page_no`, `action_id`, `target_id`, `comment`, `origin_version`, `inspect_status`, `create_time`, `update_time`) values('552','19','我的收藏弹框打开(我的收藏弹框)','52','53','1','3',NULL,'60200000',NULL,NOW(),NOW());
insert into `tag_info` (`id`, `tag_no`, `name`, `page_info_id`, `page_no`, `action_id`, `target_id`, `comment`, `origin_version`, `inspect_status`, `create_time`, `update_time`) values('553','20','我的收藏弹框关闭(我的收藏弹框)','52','53','1','3',NULL,'60200000',NULL,NOW(),NOW());
insert into `tag_info` (`id`, `tag_no`, `name`, `page_info_id`, `page_no`, `action_id`, `target_id`, `comment`, `origin_version`, `inspect_status`, `create_time`, `update_time`) values('554','1','收藏点详情页打开','53','54','1','1',NULL,'60200000',NULL,NOW(),NOW());
insert into `tag_info` (`id`, `tag_no`, `name`, `page_info_id`, `page_no`, `action_id`, `target_id`, `comment`, `origin_version`, `inspect_status`, `create_time`, `update_time`) values('555','2','点击返回','53','54','2','2',NULL,'60200000',NULL,NOW(),NOW());
insert into `tag_info` (`id`, `tag_no`, `name`, `page_info_id`, `page_no`, `action_id`, `target_id`, `comment`, `origin_version`, `inspect_status`, `create_time`, `update_time`) values('556','3','点击备注','53','54','2','2',NULL,'60200000',NULL,NOW(),NOW());
insert into `tag_info` (`id`, `tag_no`, `name`, `page_info_id`, `page_no`, `action_id`, `target_id`, `comment`, `origin_version`, `inspect_status`, `create_time`, `update_time`) values('557','4','点击我要去','53','54','2','2',NULL,'60200000',NULL,NOW(),NOW());
insert into `tag_info` (`id`, `tag_no`, `name`, `page_info_id`, `page_no`, `action_id`, `target_id`, `comment`, `origin_version`, `inspect_status`, `create_time`, `update_time`) values('558','5','点击分享','53','54','2','2',NULL,'60200000',NULL,NOW(),NOW());
insert into `tag_info` (`id`, `tag_no`, `name`, `page_info_id`, `page_no`, `action_id`, `target_id`, `comment`, `origin_version`, `inspect_status`, `create_time`, `update_time`) values('559','6','点击详情','53','54','2','2',NULL,'60200000',NULL,NOW(),NOW());
insert into `tag_info` (`id`, `tag_no`, `name`, `page_info_id`, `page_no`, `action_id`, `target_id`, `comment`, `origin_version`, `inspect_status`, `create_time`, `update_time`) values('560','7','点击定位','53','54','2','2',NULL,'60200000',NULL,NOW(),NOW());
insert into `tag_info` (`id`, `tag_no`, `name`, `page_info_id`, `page_no`, `action_id`, `target_id`, `comment`, `origin_version`, `inspect_status`, `create_time`, `update_time`) values('561','8','点击收藏','53','54','2','2',NULL,'60200000',NULL,NOW(),NOW());
insert into `tag_info` (`id`, `tag_no`, `name`, `page_info_id`, `page_no`, `action_id`, `target_id`, `comment`, `origin_version`, `inspect_status`, `create_time`, `update_time`) values('562','9','取消收藏','53','54','2','2',NULL,'60200000',NULL,NOW(),NOW());
insert into `tag_info` (`id`, `tag_no`, `name`, `page_info_id`, `page_no`, `action_id`, `target_id`, `comment`, `origin_version`, `inspect_status`, `create_time`, `update_time`) values('563','1','是否继续导航弹窗打开','54','55','1','1',NULL,'60200000',NULL,NOW(),NOW());
insert into `tag_info` (`id`, `tag_no`, `name`, `page_info_id`, `page_no`, `action_id`, `target_id`, `comment`, `origin_version`, `inspect_status`, `create_time`, `update_time`) values('564','2','点击回首页','54','55','2','2',NULL,'60200000',NULL,NOW(),NOW());
insert into `tag_info` (`id`, `tag_no`, `name`, `page_info_id`, `page_no`, `action_id`, `target_id`, `comment`, `origin_version`, `inspect_status`, `create_time`, `update_time`) values('565','3','点击继续','54','55','2','2',NULL,'60200000',NULL,NOW(),NOW());
insert into `tag_info` (`id`, `tag_no`, `name`, `page_info_id`, `page_no`, `action_id`, `target_id`, `comment`, `origin_version`, `inspect_status`, `create_time`, `update_time`) values('566','1','离线导航资源页打开','55','56','1','1',NULL,'60200000',NULL,NOW(),NOW());
insert into `tag_info` (`id`, `tag_no`, `name`, `page_info_id`, `page_no`, `action_id`, `target_id`, `comment`, `origin_version`, `inspect_status`, `create_time`, `update_time`) values('567','2','点击返回','55','56','2','2',NULL,'60200000',NULL,NOW(),NOW());
insert into `tag_info` (`id`, `tag_no`, `name`, `page_info_id`, `page_no`, `action_id`, `target_id`, `comment`, `origin_version`, `inspect_status`, `create_time`, `update_time`) values('568','3','点击全部更新','55','56','2','2',NULL,'60200000',NULL,NOW(),NOW());
insert into `tag_info` (`id`, `tag_no`, `name`, `page_info_id`, `page_no`, `action_id`, `target_id`, `comment`, `origin_version`, `inspect_status`, `create_time`, `update_time`) values('569','4','选择省份下载','55','56','2','2',NULL,'60200000',NULL,NOW(),NOW());
insert into `tag_info` (`id`, `tag_no`, `name`, `page_info_id`, `page_no`, `action_id`, `target_id`, `comment`, `origin_version`, `inspect_status`, `create_time`, `update_time`) values('570','5','列表展开','55','56','2','2',NULL,'60200000',NULL,NOW(),NOW());
insert into `tag_info` (`id`, `tag_no`, `name`, `page_info_id`, `page_no`, `action_id`, `target_id`, `comment`, `origin_version`, `inspect_status`, `create_time`, `update_time`) values('571','6','列表收起','55','56','2','2',NULL,'60200000',NULL,NOW(),NOW());
insert into `tag_info` (`id`, `tag_no`, `name`, `page_info_id`, `page_no`, `action_id`, `target_id`, `comment`, `origin_version`, `inspect_status`, `create_time`, `update_time`) values('572','7','点击删除','55','56','2','2',NULL,'60200000',NULL,NOW(),NOW());
insert into `tag_info` (`id`, `tag_no`, `name`, `page_info_id`, `page_no`, `action_id`, `target_id`, `comment`, `origin_version`, `inspect_status`, `create_time`, `update_time`) values('573','9','点击暂停','55','56','2','2',NULL,'60200000',NULL,NOW(),NOW());
insert into `tag_info` (`id`, `tag_no`, `name`, `page_info_id`, `page_no`, `action_id`, `target_id`, `comment`, `origin_version`, `inspect_status`, `create_time`, `update_time`) values('574','10','点击继续','55','56','2','2',NULL,'60200000',NULL,NOW(),NOW());
insert into `tag_info` (`id`, `tag_no`, `name`, `page_info_id`, `page_no`, `action_id`, `target_id`, `comment`, `origin_version`, `inspect_status`, `create_time`, `update_time`) values('575','11','点击重新下载','55','56','2','2',NULL,'60200000',NULL,NOW(),NOW());
insert into `tag_info` (`id`, `tag_no`, `name`, `page_info_id`, `page_no`, `action_id`, `target_id`, `comment`, `origin_version`, `inspect_status`, `create_time`, `update_time`) values('576','12','点击更新','55','56','2','2',NULL,'60200000',NULL,NOW(),NOW());
insert into `tag_info` (`id`, `tag_no`, `name`, `page_info_id`, `page_no`, `action_id`, `target_id`, `comment`, `origin_version`, `inspect_status`, `create_time`, `update_time`) values('577','13','更改位置','55','56','2','2',NULL,'60200000',NULL,NOW(),NOW());
insert into `tag_info` (`id`, `tag_no`, `name`, `page_info_id`, `page_no`, `action_id`, `target_id`, `comment`, `origin_version`, `inspect_status`, `create_time`, `update_time`) values('578','58','长按弹框打开','56','57','1','3',NULL,'60200000',NULL,NOW(),NOW());
insert into `tag_info` (`id`, `tag_no`, `name`, `page_info_id`, `page_no`, `action_id`, `target_id`, `comment`, `origin_version`, `inspect_status`, `create_time`, `update_time`) values('579','1','点击备注','56','57','2','2',NULL,'60200000',NULL,NOW(),NOW());
insert into `tag_info` (`id`, `tag_no`, `name`, `page_info_id`, `page_no`, `action_id`, `target_id`, `comment`, `origin_version`, `inspect_status`, `create_time`, `update_time`) values('580','2','点击删除','56','57','2','2',NULL,'60200000',NULL,NOW(),NOW());
insert into `tag_info` (`id`, `tag_no`, `name`, `page_info_id`, `page_no`, `action_id`, `target_id`, `comment`, `origin_version`, `inspect_status`, `create_time`, `update_time`) values('581','3','查看位置','56','57','2','2',NULL,'60200000',NULL,NOW(),NOW());
insert into `tag_info` (`id`, `tag_no`, `name`, `page_info_id`, `page_no`, `action_id`, `target_id`, `comment`, `origin_version`, `inspect_status`, `create_time`, `update_time`) values('582','4','发送给好友','56','57','2','2',NULL,'60200000',NULL,NOW(),NOW());
insert into `tag_info` (`id`, `tag_no`, `name`, `page_info_id`, `page_no`, `action_id`, `target_id`, `comment`, `origin_version`, `inspect_status`, `create_time`, `update_time`) values('583','1','省份列表页打开','57','58','1','1',NULL,'60200000',NULL,NOW(),NOW());
insert into `tag_info` (`id`, `tag_no`, `name`, `page_info_id`, `page_no`, `action_id`, `target_id`, `comment`, `origin_version`, `inspect_status`, `create_time`, `update_time`) values('584','2','点击返回','57','58','2','2',NULL,'60200000',NULL,NOW(),NOW());
insert into `tag_info` (`id`, `tag_no`, `name`, `page_info_id`, `page_no`, `action_id`, `target_id`, `comment`, `origin_version`, `inspect_status`, `create_time`, `update_time`) values('585','3','点击搜索框','57','58','2','2',NULL,'60200000',NULL,NOW(),NOW());
insert into `tag_info` (`id`, `tag_no`, `name`, `page_info_id`, `page_no`, `action_id`, `target_id`, `comment`, `origin_version`, `inspect_status`, `create_time`, `update_time`) values('586','4','搜索框内删除','57','58','2','2',NULL,'60200000',NULL,NOW(),NOW());
insert into `tag_info` (`id`, `tag_no`, `name`, `page_info_id`, `page_no`, `action_id`, `target_id`, `comment`, `origin_version`, `inspect_status`, `create_time`, `update_time`) values('587','10','点击下载','57','58','2','2',NULL,'60200000',NULL,NOW(),NOW());
insert into `tag_info` (`id`, `tag_no`, `name`, `page_info_id`, `page_no`, `action_id`, `target_id`, `comment`, `origin_version`, `inspect_status`, `create_time`, `update_time`) values('588','11','点击暂停','57','58','2','2',NULL,'60200000',NULL,NOW(),NOW());
insert into `tag_info` (`id`, `tag_no`, `name`, `page_info_id`, `page_no`, `action_id`, `target_id`, `comment`, `origin_version`, `inspect_status`, `create_time`, `update_time`) values('589','12','点击继续','57','58','2','2',NULL,'60200000',NULL,NOW(),NOW());
insert into `tag_info` (`id`, `tag_no`, `name`, `page_info_id`, `page_no`, `action_id`, `target_id`, `comment`, `origin_version`, `inspect_status`, `create_time`, `update_time`) values('590','13','点击更新','57','58','2','2',NULL,'60200000',NULL,NOW(),NOW());

-- 公共操作项信息
insert into `tag_info` (`id`, `tag_no`, `name`, `page_info_id`, `page_no`, `action_id`, `target_id`, `comment`, `origin_version`, `inspect_status`, `create_time`, `update_time`) values('591','10001','语音浮层打开(语音浮层)',NULL,NULL,'1','3',NULL,'60200000',NULL,NOW(),NOW());
insert into `tag_info` (`id`, `tag_no`, `name`, `page_info_id`, `page_no`, `action_id`, `target_id`, `comment`, `origin_version`, `inspect_status`, `create_time`, `update_time`) values('592','10002','取消按钮(语音浮层)',NULL,NULL,'2','2',NULL,'60200000',NULL,NOW(),NOW());
insert into `tag_info` (`id`, `tag_no`, `name`, `page_info_id`, `page_no`, `action_id`, `target_id`, `comment`, `origin_version`, `inspect_status`, `create_time`, `update_time`) values('593','10003','蒙灰区域(语音浮层)',NULL,NULL,'2','2',NULL,'60200000',NULL,NOW(),NOW());
insert into `tag_info` (`id`, `tag_no`, `name`, `page_info_id`, `page_no`, `action_id`, `target_id`, `comment`, `origin_version`, `inspect_status`, `create_time`, `update_time`) values('594','10004','说完了(语音浮层)',NULL,NULL,'2','2',NULL,'60200000',NULL,NOW(),NOW());
insert into `tag_info` (`id`, `tag_no`, `name`, `page_info_id`, `page_no`, `action_id`, `target_id`, `comment`, `origin_version`, `inspect_status`, `create_time`, `update_time`) values('595','10005','话筒区域结束录音(语音浮层)',NULL,NULL,'2','2',NULL,'60200000',NULL,NOW(),NOW());
insert into `tag_info` (`id`, `tag_no`, `name`, `page_info_id`, `page_no`, `action_id`, `target_id`, `comment`, `origin_version`, `inspect_status`, `create_time`, `update_time`) values('596','10006','重说(语音浮层)',NULL,NULL,'2','2',NULL,'60200000',NULL,NOW(),NOW());
insert into `tag_info` (`id`, `tag_no`, `name`, `page_info_id`, `page_no`, `action_id`, `target_id`, `comment`, `origin_version`, `inspect_status`, `create_time`, `update_time`) values('597','10007','自动录音结束(语音浮层)',NULL,NULL,'2','2',NULL,'60200000',NULL,NOW(),NOW());
insert into `tag_info` (`id`, `tag_no`, `name`, `page_info_id`, `page_no`, `action_id`, `target_id`, `comment`, `origin_version`, `inspect_status`, `create_time`, `update_time`) values('598','10107','点击历史记录(历史记录)',NULL,NULL,'2','2',NULL,'60200000',NULL,NOW(),NOW());
insert into `tag_info` (`id`, `tag_no`, `name`, `page_info_id`, `page_no`, `action_id`, `target_id`, `comment`, `origin_version`, `inspect_status`, `create_time`, `update_time`) values('599','10108','点击收藏(历史记录)',NULL,NULL,'2','2',NULL,'60200000',NULL,NOW(),NOW());
insert into `tag_info` (`id`, `tag_no`, `name`, `page_info_id`, `page_no`, `action_id`, `target_id`, `comment`, `origin_version`, `inspect_status`, `create_time`, `update_time`) values('600','10109','清除历史记录(历史记录)',NULL,NULL,'2','2',NULL,'60200000',NULL,NOW(),NOW());
insert into `tag_info` (`id`, `tag_no`, `name`, `page_info_id`, `page_no`, `action_id`, `target_id`, `comment`, `origin_version`, `inspect_status`, `create_time`, `update_time`) values('601','10110','出现tips(tips)',NULL,NULL,'4','5',NULL,'60200000',NULL,NOW(),NOW());
insert into `tag_info` (`id`, `tag_no`, `name`, `page_info_id`, `page_no`, `action_id`, `target_id`, `comment`, `origin_version`, `inspect_status`, `create_time`, `update_time`) values('602','10111','tips点击(tips)',NULL,NULL,'2','2',NULL,'60200000',NULL,NOW(),NOW());
insert into `tag_info` (`id`, `tag_no`, `name`, `page_info_id`, `page_no`, `action_id`, `target_id`, `comment`, `origin_version`, `inspect_status`, `create_time`, `update_time`) values('603','10112','上框图标(tips&历史记录)',NULL,NULL,'2','2',NULL,'60200000',NULL,NOW(),NOW());
insert into `tag_info` (`id`, `tag_no`, `name`, `page_info_id`, `page_no`, `action_id`, `target_id`, `comment`, `origin_version`, `inspect_status`, `create_time`, `update_time`) values('604','10115','领取界面(确认信息)弹框打开',NULL,NULL,'1','3',NULL,'60200000',NULL,NOW(),NOW());
insert into `tag_info` (`id`, `tag_no`, `name`, `page_info_id`, `page_no`, `action_id`, `target_id`, `comment`, `origin_version`, `inspect_status`, `create_time`, `update_time`) values('605','10116','删除车辆弹框打开',NULL,NULL,'1','3',NULL,'60200000',NULL,NOW(),NOW());
insert into `tag_info` (`id`, `tag_no`, `name`, `page_info_id`, `page_no`, `action_id`, `target_id`, `comment`, `origin_version`, `inspect_status`, `create_time`, `update_time`) values('606','10117','上下班路况提醒弹框打开',NULL,NULL,'1','3',NULL,'60200000',NULL,NOW(),NOW());
insert into `tag_info` (`id`, `tag_no`, `name`, `page_info_id`, `page_no`, `action_id`, `target_id`, `comment`, `origin_version`, `inspect_status`, `create_time`, `update_time`) values('607','10118','备注名称弹框打开',NULL,NULL,'1','3',NULL,'60200000',NULL,NOW(),NOW());
insert into `tag_info` (`id`, `tag_no`, `name`, `page_info_id`, `page_no`, `action_id`, `target_id`, `comment`, `origin_version`, `inspect_status`, `create_time`, `update_time`) values('608','10119','点击取消(备注名称弹框)',NULL,NULL,'2','2',NULL,'60200000',NULL,NOW(),NOW());
insert into `tag_info` (`id`, `tag_no`, `name`, `page_info_id`, `page_no`, `action_id`, `target_id`, `comment`, `origin_version`, `inspect_status`, `create_time`, `update_time`) values('609','10120','点击确认(备注名称弹框)',NULL,NULL,'2','2',NULL,'60200000',NULL,NOW(),NOW());
insert into `tag_info` (`id`, `tag_no`, `name`, `page_info_id`, `page_no`, `action_id`, `target_id`, `comment`, `origin_version`, `inspect_status`, `create_time`, `update_time`) values('610','10121','求路请求',NULL,NULL,'14','9',NULL,'60200000',NULL,NOW(),NOW());
insert into `tag_info` (`id`, `tag_no`, `name`, `page_info_id`, `page_no`, `action_id`, `target_id`, `comment`, `origin_version`, `inspect_status`, `create_time`, `update_time`) values('611','10122','求路请求结果返回',NULL,NULL,'15','10',NULL,'60200000',NULL,NOW(),NOW());
insert into `tag_info` (`id`, `tag_no`, `name`, `page_info_id`, `page_no`, `action_id`, `target_id`, `comment`, `origin_version`, `inspect_status`, `create_time`, `update_time`) values('612','10123','策略设置(离线导航)',NULL,NULL,'1','4',NULL,'60200000',NULL,NOW(),NOW());
insert into `tag_info` (`id`, `tag_no`, `name`, `page_info_id`, `page_no`, `action_id`, `target_id`, `comment`, `origin_version`, `inspect_status`, `create_time`, `update_time`) values('613','10130','临时层打开',NULL,NULL,'1','3',NULL,'60200000',NULL,NOW(),NOW());
insert into `tag_info` (`id`, `tag_no`, `name`, `page_info_id`, `page_no`, `action_id`, `target_id`, `comment`, `origin_version`, `inspect_status`, `create_time`, `update_time`) values('614','10131','点击空白区域关闭临时层(临时层)',NULL,NULL,'2','2',NULL,'60200000',NULL,NOW(),NOW());
insert into `tag_info` (`id`, `tag_no`, `name`, `page_info_id`, `page_no`, `action_id`, `target_id`, `comment`, `origin_version`, `inspect_status`, `create_time`, `update_time`) values('615','10132','点击我要去(临时层)',NULL,NULL,'2','2',NULL,'60200000',NULL,NOW(),NOW());
insert into `tag_info` (`id`, `tag_no`, `name`, `page_info_id`, `page_no`, `action_id`, `target_id`, `comment`, `origin_version`, `inspect_status`, `create_time`, `update_time`) values('616','10133','点击收藏(临时层)',NULL,NULL,'2','2',NULL,'60200000',NULL,NOW(),NOW());
insert into `tag_info` (`id`, `tag_no`, `name`, `page_info_id`, `page_no`, `action_id`, `target_id`, `comment`, `origin_version`, `inspect_status`, `create_time`, `update_time`) values('617','10134','点击定位(临时层)',NULL,NULL,'2','2',NULL,'60200000',NULL,NOW(),NOW());
insert into `tag_info` (`id`, `tag_no`, `name`, `page_info_id`, `page_no`, `action_id`, `target_id`, `comment`, `origin_version`, `inspect_status`, `create_time`, `update_time`) values('618','10135','点击分享(临时层)',NULL,NULL,'2','2',NULL,'60200000',NULL,NOW(),NOW());
insert into `tag_info` (`id`, `tag_no`, `name`, `page_info_id`, `page_no`, `action_id`, `target_id`, `comment`, `origin_version`, `inspect_status`, `create_time`, `update_time`) values('619','10136','点击详情(临时层)',NULL,NULL,'2','2',NULL,'60200000',NULL,NOW(),NOW());
insert into `tag_info` (`id`, `tag_no`, `name`, `page_info_id`, `page_no`, `action_id`, `target_id`, `comment`, `origin_version`, `inspect_status`, `create_time`, `update_time`) values('620','10137','点击备注(临时层)',NULL,NULL,'2','2',NULL,'60200000',NULL,NOW(),NOW());
insert into `tag_info` (`id`, `tag_no`, `name`, `page_info_id`, `page_no`, `action_id`, `target_id`, `comment`, `origin_version`, `inspect_status`, `create_time`, `update_time`) values('621','10138','点击修改(临时层)',NULL,NULL,'2','2',NULL,'60200000',NULL,NOW(),NOW());
insert into `tag_info` (`id`, `tag_no`, `name`, `page_info_id`, `page_no`, `action_id`, `target_id`, `comment`, `origin_version`, `inspect_status`, `create_time`, `update_time`) values('622','10139','点击子结构化(临时层)',NULL,NULL,'2','2',NULL,'60200000',NULL,NOW(),NOW());
insert into `tag_info` (`id`, `tag_no`, `name`, `page_info_id`, `page_no`, `action_id`, `target_id`, `comment`, `origin_version`, `inspect_status`, `create_time`, `update_time`) values('623','10140','设为终点(自驾、导航页临时层)',NULL,NULL,'2','2',NULL,'60200000',NULL,NOW(),NOW());
insert into `tag_info` (`id`, `tag_no`, `name`, `page_info_id`, `page_no`, `action_id`, `target_id`, `comment`, `origin_version`, `inspect_status`, `create_time`, `update_time`) values('624','10141','设为途径(导航临时层)',NULL,NULL,'2','2',NULL,'60200000',NULL,NOW(),NOW());
insert into `tag_info` (`id`, `tag_no`, `name`, `page_info_id`, `page_no`, `action_id`, `target_id`, `comment`, `origin_version`, `inspect_status`, `create_time`, `update_time`) values('625','10142','删除途径(导航临时层)',NULL,NULL,'2','2',NULL,'60200000',NULL,NOW(),NOW());
insert into `tag_info` (`id`, `tag_no`, `name`, `page_info_id`, `page_no`, `action_id`, `target_id`, `comment`, `origin_version`, `inspect_status`, `create_time`, `update_time`) values('626','10200','分享浮层打开',NULL,NULL,'1','3',NULL,'60200000',NULL,NOW(),NOW());
insert into `tag_info` (`id`, `tag_no`, `name`, `page_info_id`, `page_no`, `action_id`, `target_id`, `comment`, `origin_version`, `inspect_status`, `create_time`, `update_time`) values('627','10201','分享到朋友圈(分享浮层)',NULL,NULL,'2','2',NULL,'60200000',NULL,NOW(),NOW());
insert into `tag_info` (`id`, `tag_no`, `name`, `page_info_id`, `page_no`, `action_id`, `target_id`, `comment`, `origin_version`, `inspect_status`, `create_time`, `update_time`) values('628','10202','分享给好友(分享浮层)',NULL,NULL,'2','2',NULL,'60200000',NULL,NOW(),NOW());
insert into `tag_info` (`id`, `tag_no`, `name`, `page_info_id`, `page_no`, `action_id`, `target_id`, `comment`, `origin_version`, `inspect_status`, `create_time`, `update_time`) values('629','10203','分享到短信(分享浮层)',NULL,NULL,'2','2',NULL,'60200000',NULL,NOW(),NOW());
insert into `tag_info` (`id`, `tag_no`, `name`, `page_info_id`, `page_no`, `action_id`, `target_id`, `comment`, `origin_version`, `inspect_status`, `create_time`, `update_time`) values('630','10204','分享到邮件(分享浮层)',NULL,NULL,'2','2',NULL,'60200000',NULL,NOW(),NOW());
insert into `tag_info` (`id`, `tag_no`, `name`, `page_info_id`, `page_no`, `action_id`, `target_id`, `comment`, `origin_version`, `inspect_status`, `create_time`, `update_time`) values('631','10205','点击蒙黑关闭浮层(分享浮层)',NULL,NULL,'2','2',NULL,'60200000',NULL,NOW(),NOW());
insert into `tag_info` (`id`, `tag_no`, `name`, `page_info_id`, `page_no`, `action_id`, `target_id`, `comment`, `origin_version`, `inspect_status`, `create_time`, `update_time`) values('632','10300','点击指南针(地图操作)',NULL,NULL,'2','7',NULL,'60200000',NULL,NOW(),NOW());
insert into `tag_info` (`id`, `tag_no`, `name`, `page_info_id`, `page_no`, `action_id`, `target_id`, `comment`, `origin_version`, `inspect_status`, `create_time`, `update_time`) values('633','10301','点击定位(地图操作)',NULL,NULL,'2','7',NULL,'60200000',NULL,NOW(),NOW());
insert into `tag_info` (`id`, `tag_no`, `name`, `page_info_id`, `page_no`, `action_id`, `target_id`, `comment`, `origin_version`, `inspect_status`, `create_time`, `update_time`) values('634','10302','点击图层(地图操作)',NULL,NULL,'2','7',NULL,'60200000',NULL,NOW(),NOW());
insert into `tag_info` (`id`, `tag_no`, `name`, `page_info_id`, `page_no`, `action_id`, `target_id`, `comment`, `origin_version`, `inspect_status`, `create_time`, `update_time`) values('635','10303','点击路况开关(地图操作)',NULL,NULL,'2','7',NULL,'60200000',NULL,NOW(),NOW());
insert into `tag_info` (`id`, `tag_no`, `name`, `page_info_id`, `page_no`, `action_id`, `target_id`, `comment`, `origin_version`, `inspect_status`, `create_time`, `update_time`) values('636','10305','放大(地图操作)',NULL,NULL,'2','7',NULL,'60200000',NULL,NOW(),NOW());
insert into `tag_info` (`id`, `tag_no`, `name`, `page_info_id`, `page_no`, `action_id`, `target_id`, `comment`, `origin_version`, `inspect_status`, `create_time`, `update_time`) values('637','10306','缩小(地图操作)',NULL,NULL,NULL,NULL,NULL,'60200000',NULL,NOW(),NOW());
insert into `tag_info` (`id`, `tag_no`, `name`, `page_info_id`, `page_no`, `action_id`, `target_id`, `comment`, `origin_version`, `inspect_status`, `create_time`, `update_time`) values('638','10307','点击地图(地图操作)',NULL,NULL,'2','6',NULL,'60200000',NULL,NOW(),NOW());
insert into `tag_info` (`id`, `tag_no`, `name`, `page_info_id`, `page_no`, `action_id`, `target_id`, `comment`, `origin_version`, `inspect_status`, `create_time`, `update_time`) values('639','10308','长按地图(地图操作)',NULL,NULL,'6','6',NULL,'60200000',NULL,NOW(),NOW());
insert into `tag_info` (`id`, `tag_no`, `name`, `page_info_id`, `page_no`, `action_id`, `target_id`, `comment`, `origin_version`, `inspect_status`, `create_time`, `update_time`) values('640','10309','拖动地图(地图操作)',NULL,NULL,'3','6',NULL,'60200000',NULL,NOW(),NOW());
insert into `tag_info` (`id`, `tag_no`, `name`, `page_info_id`, `page_no`, `action_id`, `target_id`, `comment`, `origin_version`, `inspect_status`, `create_time`, `update_time`) values('641','10310','双指放大地图(地图操作)',NULL,NULL,'7','6',NULL,'60200000',NULL,NOW(),NOW());
insert into `tag_info` (`id`, `tag_no`, `name`, `page_info_id`, `page_no`, `action_id`, `target_id`, `comment`, `origin_version`, `inspect_status`, `create_time`, `update_time`) values('642','10311','双指缩小地图(地图操作)',NULL,NULL,'8','6',NULL,'60200000',NULL,NOW(),NOW());
insert into `tag_info` (`id`, `tag_no`, `name`, `page_info_id`, `page_no`, `action_id`, `target_id`, `comment`, `origin_version`, `inspect_status`, `create_time`, `update_time`) values('643','10312','双击放大地图(地图操作)',NULL,NULL,'9','6',NULL,'60200000',NULL,NOW(),NOW());
insert into `tag_info` (`id`, `tag_no`, `name`, `page_info_id`, `page_no`, `action_id`, `target_id`, `comment`, `origin_version`, `inspect_status`, `create_time`, `update_time`) values('644','10313','双触缩小地图(地图操作)',NULL,NULL,'10','6',NULL,'60200000',NULL,NOW(),NOW());
insert into `tag_info` (`id`, `tag_no`, `name`, `page_info_id`, `page_no`, `action_id`, `target_id`, `comment`, `origin_version`, `inspect_status`, `create_time`, `update_time`) values('645','10314','连击上移放大(地图操作)',NULL,NULL,'11','6',NULL,'60200000',NULL,NOW(),NOW());
insert into `tag_info` (`id`, `tag_no`, `name`, `page_info_id`, `page_no`, `action_id`, `target_id`, `comment`, `origin_version`, `inspect_status`, `create_time`, `update_time`) values('646','10315','连击下移缩小(地图操作)',NULL,NULL,'12','6',NULL,'60200000',NULL,NOW(),NOW());
insert into `tag_info` (`id`, `tag_no`, `name`, `page_info_id`, `page_no`, `action_id`, `target_id`, `comment`, `origin_version`, `inspect_status`, `create_time`, `update_time`) values('647','10400','图层气泡打开',NULL,NULL,'1','3',NULL,'60200000',NULL,NOW(),NOW());
insert into `tag_info` (`id`, `tag_no`, `name`, `page_info_id`, `page_no`, `action_id`, `target_id`, `comment`, `origin_version`, `inspect_status`, `create_time`, `update_time`) values('648','10401','点击地图(图层气泡)',NULL,NULL,'2','2',NULL,'60200000',NULL,NOW(),NOW());
insert into `tag_info` (`id`, `tag_no`, `name`, `page_info_id`, `page_no`, `action_id`, `target_id`, `comment`, `origin_version`, `inspect_status`, `create_time`, `update_time`) values('649','10402','点击卫星(图层气泡)',NULL,NULL,'2','2',NULL,'60200000',NULL,NOW(),NOW());
insert into `tag_info` (`id`, `tag_no`, `name`, `page_info_id`, `page_no`, `action_id`, `target_id`, `comment`, `origin_version`, `inspect_status`, `create_time`, `update_time`) values('650','10403','点击三维(图层气泡)',NULL,NULL,'2','2',NULL,'60200000',NULL,NOW(),NOW());
insert into `tag_info` (`id`, `tag_no`, `name`, `page_info_id`, `page_no`, `action_id`, `target_id`, `comment`, `origin_version`, `inspect_status`, `create_time`, `update_time`) values('651','10404','点击蒙黑区(图层气泡)',NULL,NULL,'2','2',NULL,'60200000',NULL,NOW(),NOW());
insert into `tag_info` (`id`, `tag_no`, `name`, `page_info_id`, `page_no`, `action_id`, `target_id`, `comment`, `origin_version`, `inspect_status`, `create_time`, `update_time`) values('652','10500','引导气泡出现',NULL,NULL,'4','3',NULL,'60200000',NULL,NOW(),NOW());
insert into `tag_info` (`id`, `tag_no`, `name`, `page_info_id`, `page_no`, `action_id`, `target_id`, `comment`, `origin_version`, `inspect_status`, `create_time`, `update_time`) values('653','10501','点击引导气泡(引导气泡)',NULL,NULL,'2','2',NULL,'60200000',NULL,NOW(),NOW());
insert into `tag_info` (`id`, `tag_no`, `name`, `page_info_id`, `page_no`, `action_id`, `target_id`, `comment`, `origin_version`, `inspect_status`, `create_time`, `update_time`) values('654','10502','点击气泡指向的按钮(引导气泡)',NULL,NULL,'2','2',NULL,'60200000',NULL,NOW(),NOW());
insert into `tag_info` (`id`, `tag_no`, `name`, `page_info_id`, `page_no`, `action_id`, `target_id`, `comment`, `origin_version`, `inspect_status`, `create_time`, `update_time`) values('655','10503','点击空白区域(引导气泡)',NULL,NULL,'2','2',NULL,'60200000',NULL,NOW(),NOW());
insert into `tag_info` (`id`, `tag_no`, `name`, `page_info_id`, `page_no`, `action_id`, `target_id`, `comment`, `origin_version`, `inspect_status`, `create_time`, `update_time`) values('656','10600','键盘打开(键盘仅ios)',NULL,NULL,'1','3',NULL,'60200000',NULL,NOW(),NOW());
insert into `tag_info` (`id`, `tag_no`, `name`, `page_info_id`, `page_no`, `action_id`, `target_id`, `comment`, `origin_version`, `inspect_status`, `create_time`, `update_time`) values('657','10601','键盘弹起按钮(键盘仅ios)',NULL,NULL,'2','2',NULL,'60200000',NULL,NOW(),NOW());
insert into `tag_info` (`id`, `tag_no`, `name`, `page_info_id`, `page_no`, `action_id`, `target_id`, `comment`, `origin_version`, `inspect_status`, `create_time`, `update_time`) values('658','10602','键盘收起按钮(键盘仅ios)',NULL,NULL,'2','2',NULL,'60200000',NULL,NOW(),NOW());
insert into `tag_info` (`id`, `tag_no`, `name`, `page_info_id`, `page_no`, `action_id`, `target_id`, `comment`, `origin_version`, `inspect_status`, `create_time`, `update_time`) values('659','10600','图层切换(图层状态)',NULL,NULL,'1','6',NULL,'60200000',NULL,NOW(),NOW());
insert into `tag_info` (`id`, `tag_no`, `name`, `page_info_id`, `page_no`, `action_id`, `target_id`, `comment`, `origin_version`, `inspect_status`, `create_time`, `update_time`) values('660','10700','进入导航记录导航视图设置(视图状态)',NULL,NULL,'1','6',NULL,'60200000',NULL,NOW(),NOW());
insert into `tag_info` (`id`, `tag_no`, `name`, `page_info_id`, `page_no`, `action_id`, `target_id`, `comment`, `origin_version`, `inspect_status`, `create_time`, `update_time`) values('661','10701','进入导航记录路况电台视图设置(视图状态)',NULL,NULL,'1','6',NULL,'60200000',NULL,NOW(),NOW());
insert into `tag_info` (`id`, `tag_no`, `name`, `page_info_id`, `page_no`, `action_id`, `target_id`, `comment`, `origin_version`, `inspect_status`, `create_time`, `update_time`) values('662','10800','浏览(定位按钮的状态)',NULL,NULL,'1','6',NULL,'60200000',NULL,NOW(),NOW());
insert into `tag_info` (`id`, `tag_no`, `name`, `page_info_id`, `page_no`, `action_id`, `target_id`, `comment`, `origin_version`, `inspect_status`, `create_time`, `update_time`) values('663','10801','北朝上(定位按钮的状态)',NULL,NULL,'1','6',NULL,'60200000',NULL,NOW(),NOW());
insert into `tag_info` (`id`, `tag_no`, `name`, `page_info_id`, `page_no`, `action_id`, `target_id`, `comment`, `origin_version`, `inspect_status`, `create_time`, `update_time`) values('664','10802','跟踪(定位按钮的状态)',NULL,NULL,'1','6',NULL,'60200000',NULL,NOW(),NOW());
insert into `tag_info` (`id`, `tag_no`, `name`, `page_info_id`, `page_no`, `action_id`, `target_id`, `comment`, `origin_version`, `inspect_status`, `create_time`, `update_time`) values('665','10900','旋转至横屏',NULL,NULL,'1','6',NULL,'60200000',NULL,NOW(),NOW());
insert into `tag_info` (`id`, `tag_no`, `name`, `page_info_id`, `page_no`, `action_id`, `target_id`, `comment`, `origin_version`, `inspect_status`, `create_time`, `update_time`) values('666','10901','旋转至竖屏',NULL,NULL,'1','6',NULL,'60200000',NULL,NOW(),NOW());
insert into `tag_info` (`id`, `tag_no`, `name`, `page_info_id`, `page_no`, `action_id`, `target_id`, `comment`, `origin_version`, `inspect_status`, `create_time`, `update_time`) values('667','10902','锁屏',NULL,NULL,'1','6',NULL,'60200000',NULL,NOW(),NOW());
insert into `tag_info` (`id`, `tag_no`, `name`, `page_info_id`, `page_no`, `action_id`, `target_id`, `comment`, `origin_version`, `inspect_status`, `create_time`, `update_time`) values('668','10903','home切至主屏（iOS不能记录）',NULL,NULL,'1','6',NULL,'60200000',NULL,NOW(),NOW());


-- 操作项参数信息
insert into `tag_param` (`id`, `tag_info_id`, `comment`) values('1','16','');
insert into `tag_param` (`id`, `tag_info_id`, `comment`) values('2','17','');
insert into `tag_param` (`id`, `tag_info_id`, `comment`) values('3','18','');
insert into `tag_param` (`id`, `tag_info_id`, `comment`) values('4','21','');
insert into `tag_param` (`id`, `tag_info_id`, `comment`) values('6','68','输入过程中的不计');
insert into `tag_param` (`id`, `tag_info_id`, `comment`) values('7','73','');
insert into `tag_param` (`id`, `tag_info_id`, `comment`) values('8','74','');
insert into `tag_param` (`id`, `tag_info_id`, `comment`) values('9','75','');
insert into `tag_param` (`id`, `tag_info_id`, `comment`) values('10','79','');
insert into `tag_param` (`id`, `tag_info_id`, `comment`) values('11','81','');
insert into `tag_param` (`id`, `tag_info_id`, `comment`) values('12','88','');
insert into `tag_param` (`id`, `tag_info_id`, `comment`) values('13','114','');
insert into `tag_param` (`id`, `tag_info_id`, `comment`) values('14','118','');
insert into `tag_param` (`id`, `tag_info_id`, `comment`) values('15','125','记录图钉的序号：idx:0小红点；idx:1编号为1的图钉；idx:2编号为2的图钉……');
insert into `tag_param` (`id`, `tag_info_id`, `comment`) values('16','128','同时记录2个服务端id参数，reqid：区分搜索请求，dataid：区分搜索结果\n');
insert into `tag_param` (`id`, `tag_info_id`, `comment`) values('17','130','');
insert into `tag_param` (`id`, `tag_info_id`, `comment`) values('18','134','同时记录2个服务端id参数，reqid：区分搜索请求，dataid：区分搜索结果\n');
insert into `tag_param` (`id`, `tag_info_id`, `comment`) values('19','145','');
insert into `tag_param` (`id`, `tag_info_id`, `comment`) values('20','147','');
insert into `tag_param` (`id`, `tag_info_id`, `comment`) values('21','154','');
insert into `tag_param` (`id`, `tag_info_id`, `comment`) values('22','155','');
insert into `tag_param` (`id`, `tag_info_id`, `comment`) values('23','156','');
insert into `tag_param` (`id`, `tag_info_id`, `comment`) values('24','674','');
insert into `tag_param` (`id`, `tag_info_id`, `comment`) values('25','159','');
insert into `tag_param` (`id`, `tag_info_id`, `comment`) values('26','174','');
insert into `tag_param` (`id`, `tag_info_id`, `comment`) values('27','176','');
insert into `tag_param` (`id`, `tag_info_id`, `comment`) values('28','178','');
insert into `tag_param` (`id`, `tag_info_id`, `comment`) values('29','193','');
insert into `tag_param` (`id`, `tag_info_id`, `comment`) values('30','195','');
insert into `tag_param` (`id`, `tag_info_id`, `comment`) values('31','197','');
insert into `tag_param` (`id`, `tag_info_id`, `comment`) values('32','200','区分列表右侧的按钮type');
insert into `tag_param` (`id`, `tag_info_id`, `comment`) values('33','208','');
insert into `tag_param` (`id`, `tag_info_id`, `comment`) values('34','219','');
insert into `tag_param` (`id`, `tag_info_id`, `comment`) values('35','220','');
insert into `tag_param` (`id`, `tag_info_id`, `comment`) values('36','221','');
insert into `tag_param` (`id`, `tag_info_id`, `comment`) values('37','222','');
insert into `tag_param` (`id`, `tag_info_id`, `comment`) values('38','227','');
insert into `tag_param` (`id`, `tag_info_id`, `comment`) values('39','230','');
insert into `tag_param` (`id`, `tag_info_id`, `comment`) values('40','231','');
insert into `tag_param` (`id`, `tag_info_id`, `comment`) values('41','235','');
insert into `tag_param` (`id`, `tag_info_id`, `comment`) values('42','237','');
insert into `tag_param` (`id`, `tag_info_id`, `comment`) values('43','243','');
insert into `tag_param` (`id`, `tag_info_id`, `comment`) values('44','245','');
insert into `tag_param` (`id`, `tag_info_id`, `comment`) values('45','246','');
insert into `tag_param` (`id`, `tag_info_id`, `comment`) values('46','249','');
insert into `tag_param` (`id`, `tag_info_id`, `comment`) values('47','264','');
insert into `tag_param` (`id`, `tag_info_id`, `comment`) values('48','265','');
insert into `tag_param` (`id`, `tag_info_id`, `comment`) values('49','280','');
insert into `tag_param` (`id`, `tag_info_id`, `comment`) values('50','282','');
insert into `tag_param` (`id`, `tag_info_id`, `comment`) values('51','287','传ucNavigateId参数：分享用户的导航数据记录，通过ucNavigateId查询服务端数据');
insert into `tag_param` (`id`, `tag_info_id`, `comment`) values('52','305','记录点击方案所属的标签(cont:最快,无地铁,直达)');
insert into `tag_param` (`id`, `tag_info_id`, `comment`) values('53','307','');
insert into `tag_param` (`id`, `tag_info_id`, `comment`) values('54','315','');
insert into `tag_param` (`id`, `tag_info_id`, `comment`) values('55','347','');
insert into `tag_param` (`id`, `tag_info_id`, `comment`) values('56','355','');
insert into `tag_param` (`id`, `tag_info_id`, `comment`) values('57','388','');
insert into `tag_param` (`id`, `tag_info_id`, `comment`) values('58','438','');
insert into `tag_param` (`id`, `tag_info_id`, `comment`) values('59','443','');
insert into `tag_param` (`id`, `tag_info_id`, `comment`) values('60','448','');
insert into `tag_param` (`id`, `tag_info_id`, `comment`) values('61','450','');
insert into `tag_param` (`id`, `tag_info_id`, `comment`) values('62','528','');
insert into `tag_param` (`id`, `tag_info_id`, `comment`) values('63','544','');
insert into `tag_param` (`id`, `tag_info_id`, `comment`) values('64','553','');
insert into `tag_param` (`id`, `tag_info_id`, `comment`) values('65','561','');
insert into `tag_param` (`id`, `tag_info_id`, `comment`) values('66','591','');
insert into `tag_param` (`id`, `tag_info_id`, `comment`) values('67','598','');
insert into `tag_param` (`id`, `tag_info_id`, `comment`) values('68','599','');
insert into `tag_param` (`id`, `tag_info_id`, `comment`) values('69','601','只判断提交前的tips是否有type2、3，中间输入过程中出现的不算');
insert into `tag_param` (`id`, `tag_info_id`, `comment`) values('70','602','');
insert into `tag_param` (`id`, `tag_info_id`, `comment`) values('71','603','');
insert into `tag_param` (`id`, `tag_info_id`, `comment`) values('72','604','');
insert into `tag_param` (`id`, `tag_info_id`, `comment`) values('73','605','');
insert into `tag_param` (`id`, `tag_info_id`, `comment`) values('74','606','');
insert into `tag_param` (`id`, `tag_info_id`, `comment`) values('75','610','');
insert into `tag_param` (`id`, `tag_info_id`, `comment`) values('76','611','');
insert into `tag_param` (`id`, `tag_info_id`, `comment`) values('77','612','');
insert into `tag_param` (`id`, `tag_info_id`, `comment`) values('78','616','');
insert into `tag_param` (`id`, `tag_info_id`, `comment`) values('79','622','info:主节点名称_X门（例如点击的是清华大学结构化中的北门，则info=清华大学_A北门');
insert into `tag_param` (`id`, `tag_info_id`, `comment`) values('80','635','');
insert into `tag_param` (`id`, `tag_info_id`, `comment`) values('81','654','记录气泡类型以及指向按钮  两个平台统一');
insert into `tag_param` (`id`, `tag_info_id`, `comment`) values('82','659','');
insert into `tag_param` (`id`, `tag_info_id`, `comment`) values('83','660','');
insert into `tag_param` (`id`, `tag_info_id`, `comment`) values('84','661','');

-- 操作项参数选项
insert into `param_info` (`id`, `tag_param_id`, `name`, `value`, `description`) values('1','1','idx','','从左到右第几条');
insert into `param_info` (`id`, `tag_param_id`, `name`, `value`, `description`) values('2','2','idx','','从左到右第几条');
insert into `param_info` (`id`, `tag_param_id`, `name`, `value`, `description`) values('3','3','cont','','点击的分类词内容');
insert into `param_info` (`id`, `tag_param_id`, `name`, `value`, `description`) values('4','3','type','1','大类');
insert into `param_info` (`id`, `tag_param_id`, `name`, `value`, `description`) values('5','3','type','2','子类');
insert into `param_info` (`id`, `tag_param_id`, `name`, `value`, `description`) values('6','3','color','0','普通色');
insert into `param_info` (`id`, `tag_param_id`, `name`, `value`, `description`) values('7','3','color','1','特殊颜色');
insert into `param_info` (`id`, `tag_param_id`, `name`, `value`, `description`) values('8','4','mode','1','公交');
insert into `param_info` (`id`, `tag_param_id`, `name`, `value`, `description`) values('9','4','mode','2','自驾');
insert into `param_info` (`id`, `tag_param_id`, `name`, `value`, `description`) values('10','4','mode','3','步行');
insert into `param_info` (`id`, `tag_param_id`, `name`, `value`, `description`) values('11','6','cont','','提交时输入框内的所有文字');
insert into `param_info` (`id`, `tag_param_id`, `name`, `value`, `description`) values('12','7','idx','','从左到右第几条');
insert into `param_info` (`id`, `tag_param_id`, `name`, `value`, `description`) values('13','8','num','','语音候选项出现时有几条');
insert into `param_info` (`id`, `tag_param_id`, `name`, `value`, `description`) values('14','9','idx','','从上到下第几条');
insert into `param_info` (`id`, `tag_param_id`, `name`, `value`, `description`) values('15','10','idx','','从上到下第几条');
insert into `param_info` (`id`, `tag_param_id`, `name`, `value`, `description`) values('16','11','idx','','从上到下第几条');
insert into `param_info` (`id`, `tag_param_id`, `name`, `value`, `description`) values('17','12','type','1','收藏');
insert into `param_info` (`id`, `tag_param_id`, `name`, `value`, `description`) values('18','12','type','0','取消收藏');
insert into `param_info` (`id`, `tag_param_id`, `name`, `value`, `description`) values('19','13','cont','','合作方名称');
insert into `param_info` (`id`, `tag_param_id`, `name`, `value`, `description`) values('20','14','cont','','搜索结果关键字');
insert into `param_info` (`id`, `tag_param_id`, `name`, `value`, `description`) values('21','15','idx','','图钉的序号');
insert into `param_info` (`id`, `tag_param_id`, `name`, `value`, `description`) values('22','16','idx','','从上到下第几条');
insert into `param_info` (`id`, `tag_param_id`, `name`, `value`, `description`) values('23','16','type','0','结构化单点');
insert into `param_info` (`id`, `tag_param_id`, `name`, `value`, `description`) values('24','16','type','1','非结构化单点');
insert into `param_info` (`id`, `tag_param_id`, `name`, `value`, `description`) values('25','16','type','2','团购');
insert into `param_info` (`id`, `tag_param_id`, `name`, `value`, `description`) values('26','17','type','1','收藏');
insert into `param_info` (`id`, `tag_param_id`, `name`, `value`, `description`) values('27','17','type','0','取消收藏');
insert into `param_info` (`id`, `tag_param_id`, `name`, `value`, `description`) values('28','18','mode','1','去过标签');
insert into `param_info` (`id`, `tag_param_id`, `name`, `value`, `description`) values('29','18','mode','0','非去过标签');
insert into `param_info` (`id`, `tag_param_id`, `name`, `value`, `description`) values('30','19','idx','','从上到下第几条');
insert into `param_info` (`id`, `tag_param_id`, `name`, `value`, `description`) values('31','20','num','','临时层上有多少条团购信息');
insert into `param_info` (`id`, `tag_param_id`, `name`, `value`, `description`) values('32','21','idx','','从左到右第几条');
insert into `param_info` (`id`, `tag_param_id`, `name`, `value`, `description`) values('33','22','idx','','从左到右第几条');
insert into `param_info` (`id`, `tag_param_id`, `name`, `value`, `description`) values('34','23','cont','','点击的分类词内容');
insert into `param_info` (`id`, `tag_param_id`, `name`, `value`, `description`) values('35','24','subway','0','附近无地铁');
insert into `param_info` (`id`, `tag_param_id`, `name`, `value`, `description`) values('36','24','subway','1','附近有地铁');
insert into `param_info` (`id`, `tag_param_id`, `name`, `value`, `description`) values('37','25','mode','1','公交');
insert into `param_info` (`id`, `tag_param_id`, `name`, `value`, `description`) values('38','25','mode','2','自驾');
insert into `param_info` (`id`, `tag_param_id`, `name`, `value`, `description`) values('39','25','mode','3','步行');
insert into `param_info` (`id`, `tag_param_id`, `name`, `value`, `description`) values('40','26','type','1','坐车去');
insert into `param_info` (`id`, `tag_param_id`, `name`, `value`, `description`) values('41','26','type','2','开车去');
insert into `param_info` (`id`, `tag_param_id`, `name`, `value`, `description`) values('42','26','type','3','走路去');
insert into `param_info` (`id`, `tag_param_id`, `name`, `value`, `description`) values('43','27','type','1','打开键盘');
insert into `param_info` (`id`, `tag_param_id`, `name`, `value`, `description`) values('44','27','type','0','关闭键盘');
insert into `param_info` (`id`, `tag_param_id`, `name`, `value`, `description`) values('45','28','mode','1','公交');
insert into `param_info` (`id`, `tag_param_id`, `name`, `value`, `description`) values('46','28','mode','2','自驾');
insert into `param_info` (`id`, `tag_param_id`, `name`, `value`, `description`) values('47','28','mode','3','步行');
insert into `param_info` (`id`, `tag_param_id`, `name`, `value`, `description`) values('48','29','type','1','坐车去');
insert into `param_info` (`id`, `tag_param_id`, `name`, `value`, `description`) values('49','29','type','2','开车去');
insert into `param_info` (`id`, `tag_param_id`, `name`, `value`, `description`) values('50','29','type','3','走路去');
insert into `param_info` (`id`, `tag_param_id`, `name`, `value`, `description`) values('51','30','type','1','打开键盘');
insert into `param_info` (`id`, `tag_param_id`, `name`, `value`, `description`) values('52','30','type','0','关闭键盘');
insert into `param_info` (`id`, `tag_param_id`, `name`, `value`, `description`) values('53','31','type','0','地图选点页');
insert into `param_info` (`id`, `tag_param_id`, `name`, `value`, `description`) values('54','31','type','1','添加收藏点页');
insert into `param_info` (`id`, `tag_param_id`, `name`, `value`, `description`) values('55','31','type','2','设置家的位置');
insert into `param_info` (`id`, `tag_param_id`, `name`, `value`, `description`) values('56','31','type','3','设置公司位置');
insert into `param_info` (`id`, `tag_param_id`, `name`, `value`, `description`) values('57','32','idx','','我要去所属的条目');
insert into `param_info` (`id`, `tag_param_id`, `name`, `value`, `description`) values('58','32','type','1','我要去');
insert into `param_info` (`id`, `tag_param_id`, `name`, `value`, `description`) values('59','32','type','2','家');
insert into `param_info` (`id`, `tag_param_id`, `name`, `value`, `description`) values('60','32','type','3','公司');
insert into `param_info` (`id`, `tag_param_id`, `name`, `value`, `description`) values('61','32','type','4','加入收藏');
insert into `param_info` (`id`, `tag_param_id`, `name`, `value`, `description`) values('62','33','idx','','选择了第几条');
insert into `param_info` (`id`, `tag_param_id`, `name`, `value`, `description`) values('63','34','idx','','点击了第几条');
insert into `param_info` (`id`, `tag_param_id`, `name`, `value`, `description`) values('64','35','idx','','点击了第几条');
insert into `param_info` (`id`, `tag_param_id`, `name`, `value`, `description`) values('65','36','idx','','点击的图标序号');
insert into `param_info` (`id`, `tag_param_id`, `name`, `value`, `description`) values('66','37','num','','方案数量');
insert into `param_info` (`id`, `tag_param_id`, `name`, `value`, `description`) values('67','37','type','0','来源普通');
insert into `param_info` (`id`, `tag_param_id`, `name`, `value`, `description`) values('68','37','type','1','来源收藏页');
insert into `param_info` (`id`, `tag_param_id`, `name`, `value`, `description`) values('69','37','mode','1','在线方案');
insert into `param_info` (`id`, `tag_param_id`, `name`, `value`, `description`) values('70','37','mode','0','离线方案');
insert into `param_info` (`id`, `tag_param_id`, `name`, `value`, `description`) values('71','38','idx','','方案数量');
insert into `param_info` (`id`, `tag_param_id`, `name`, `value`, `description`) values('72','39','idx','','第几条方案');
insert into `param_info` (`id`, `tag_param_id`, `name`, `value`, `description`) values('73','39','choose','0','未选中');
insert into `param_info` (`id`, `tag_param_id`, `name`, `value`, `description`) values('74','39','choose','1','已选中');
insert into `param_info` (`id`, `tag_param_id`, `name`, `value`, `description`) values('75','40','idx','','第几条方案');
insert into `param_info` (`id`, `tag_param_id`, `name`, `value`, `description`) values('76','41','type','1','收藏');
insert into `param_info` (`id`, `tag_param_id`, `name`, `value`, `description`) values('77','41','type','0','取消收藏');
insert into `param_info` (`id`, `tag_param_id`, `name`, `value`, `description`) values('78','42','idx','','点击的路线对应的编号');
insert into `param_info` (`id`, `tag_param_id`, `name`, `value`, `description`) values('79','43','num','','方案数量');
insert into `param_info` (`id`, `tag_param_id`, `name`, `value`, `description`) values('80','44','choose','0','取消');
insert into `param_info` (`id`, `tag_param_id`, `name`, `value`, `description`) values('81','44','choose','1','选中');
insert into `param_info` (`id`, `tag_param_id`, `name`, `value`, `description`) values('82','45','choose','0','取消');
insert into `param_info` (`id`, `tag_param_id`, `name`, `value`, `description`) values('83','45','choose','1','选中');
insert into `param_info` (`id`, `tag_param_id`, `name`, `value`, `description`) values('84','46','type','1','点亮全览');
insert into `param_info` (`id`, `tag_param_id`, `name`, `value`, `description`) values('85','46','type','0','取消全览');
insert into `param_info` (`id`, `tag_param_id`, `name`, `value`, `description`) values('86','47','mode','1','播报打开');
insert into `param_info` (`id`, `tag_param_id`, `name`, `value`, `description`) values('87','47','mode','0','播报关闭');
insert into `param_info` (`id`, `tag_param_id`, `name`, `value`, `description`) values('88','48','mode','1','路况打开');
insert into `param_info` (`id`, `tag_param_id`, `name`, `value`, `description`) values('89','48','mode','0','路况关闭');
insert into `param_info` (`id`, `tag_param_id`, `name`, `value`, `description`) values('90','49','mode','1','HUD镜像模式');
insert into `param_info` (`id`, `tag_param_id`, `name`, `value`, `description`) values('91','49','mode','0','非镜像模式');
insert into `param_info` (`id`, `tag_param_id`, `name`, `value`, `description`) values('92','50','mode','1','镜像打开');
insert into `param_info` (`id`, `tag_param_id`, `name`, `value`, `description`) values('93','50','mode','0','镜像关闭');
insert into `param_info` (`id`, `tag_param_id`, `name`, `value`, `description`) values('94','52','idx','','点击第几条');
insert into `param_info` (`id`, `tag_param_id`, `name`, `value`, `description`) values('95','52','cont','','点击方案所属的标签');
insert into `param_info` (`id`, `tag_param_id`, `name`, `value`, `description`) values('96','53','type','0','来源普通');
insert into `param_info` (`id`, `tag_param_id`, `name`, `value`, `description`) values('97','53','type','1','来源收藏页');
insert into `param_info` (`id`, `tag_param_id`, `name`, `value`, `description`) values('98','54','type','1','收藏');
insert into `param_info` (`id`, `tag_param_id`, `name`, `value`, `description`) values('99','54','type','0','取消收藏');
insert into `param_info` (`id`, `tag_param_id`, `name`, `value`, `description`) values('100','55','type','1','选中');
insert into `param_info` (`id`, `tag_param_id`, `name`, `value`, `description`) values('101','55','type','0','未选中');
insert into `param_info` (`id`, `tag_param_id`, `name`, `value`, `description`) values('102','56','type','1','新手任务');
insert into `param_info` (`id`, `tag_param_id`, `name`, `value`, `description`) values('103','56','type','2','有奖活动');
insert into `param_info` (`id`, `tag_param_id`, `name`, `value`, `description`) values('104','56','type','3','push');
insert into `param_info` (`id`, `tag_param_id`, `name`, `value`, `description`) values('105','57','type','0','添加车辆');
insert into `param_info` (`id`, `tag_param_id`, `name`, `value`, `description`) values('106','57','type','1','编辑车辆');
insert into `param_info` (`id`, `tag_param_id`, `name`, `value`, `description`) values('107','58','type','1','点亮全览');
insert into `param_info` (`id`, `tag_param_id`, `name`, `value`, `description`) values('108','58','type','0','取消全览');
insert into `param_info` (`id`, `tag_param_id`, `name`, `value`, `description`) values('109','59','type','0','车头朝上');
insert into `param_info` (`id`, `tag_param_id`, `name`, `value`, `description`) values('110','59','type','1','北朝上');
insert into `param_info` (`id`, `tag_param_id`, `name`, `value`, `description`) values('111','60','type','0','打开');
insert into `param_info` (`id`, `tag_param_id`, `name`, `value`, `description`) values('112','60','type','1','关闭');
insert into `param_info` (`id`, `tag_param_id`, `name`, `value`, `description`) values('113','61','type','0','打开');
insert into `param_info` (`id`, `tag_param_id`, `name`, `value`, `description`) values('114','61','type','1','关闭');
insert into `param_info` (`id`, `tag_param_id`, `name`, `value`, `description`) values('115','62','type','','返回导航总结类型值');
insert into `param_info` (`id`, `tag_param_id`, `name`, `value`, `description`) values('116','63','type','0','收藏点');
insert into `param_info` (`id`, `tag_param_id`, `name`, `value`, `description`) values('117','63','type','1','收藏自驾路线');
insert into `param_info` (`id`, `tag_param_id`, `name`, `value`, `description`) values('118','63','type','2','收藏公交路线');
insert into `param_info` (`id`, `tag_param_id`, `name`, `value`, `description`) values('119','64','type','0','全部');
insert into `param_info` (`id`, `tag_param_id`, `name`, `value`, `description`) values('120','64','type','1','仅地点');
insert into `param_info` (`id`, `tag_param_id`, `name`, `value`, `description`) values('121','64','type','2','仅线路');
insert into `param_info` (`id`, `tag_param_id`, `name`, `value`, `description`) values('122','65','type','1','收藏');
insert into `param_info` (`id`, `tag_param_id`, `name`, `value`, `description`) values('123','65','type','0','取消收藏');
insert into `param_info` (`id`, `tag_param_id`, `name`, `value`, `description`) values('124','66','mode','1','准录');
insert into `param_info` (`id`, `tag_param_id`, `name`, `value`, `description`) values('125','66','mode','2','监听');
insert into `param_info` (`id`, `tag_param_id`, `name`, `value`, `description`) values('126','66','mode','3','处理查询');
insert into `param_info` (`id`, `tag_param_id`, `name`, `value`, `description`) values('127','66','mode','4','无声音输入');
insert into `param_info` (`id`, `tag_param_id`, `name`, `value`, `description`) values('128','66','mode','5','无法识别');
insert into `param_info` (`id`, `tag_param_id`, `name`, `value`, `description`) values('129','66','mode','6','网络连接失败');
insert into `param_info` (`id`, `tag_param_id`, `name`, `value`, `description`) values('130','66','mode','7','未找到结果');
insert into `param_info` (`id`, `tag_param_id`, `name`, `value`, `description`) values('131','67','idx','','从上到下第几条');
insert into `param_info` (`id`, `tag_param_id`, `name`, `value`, `description`) values('132','68','idx','','从上到下第几条');
insert into `param_info` (`id`, `tag_param_id`, `name`, `value`, `description`) values('133','68','type','1','收藏');
insert into `param_info` (`id`, `tag_param_id`, `name`, `value`, `description`) values('134','68','type','0','取消收藏');
insert into `param_info` (`id`, `tag_param_id`, `name`, `value`, `description`) values('135','69','type','1','只有普通tips');
insert into `param_info` (`id`, `tag_param_id`, `name`, `value`, `description`) values('136','69','type','2','出现分类词聚合的tips');
insert into `param_info` (`id`, `tag_param_id`, `name`, `value`, `description`) values('137','69','type','3','出现结构化的tips');
insert into `param_info` (`id`, `tag_param_id`, `name`, `value`, `description`) values('138','69','mode','1','出现去过标签');
insert into `param_info` (`id`, `tag_param_id`, `name`, `value`, `description`) values('139','69','mode','0','未出现去过标签');
insert into `param_info` (`id`, `tag_param_id`, `name`, `value`, `description`) values('140','70','idx','','从上到下第几条');
insert into `param_info` (`id`, `tag_param_id`, `name`, `value`, `description`) values('141','70','type','1','主节点');
insert into `param_info` (`id`, `tag_param_id`, `name`, `value`, `description`) values('142','70','type','2','子节点');
insert into `param_info` (`id`, `tag_param_id`, `name`, `value`, `description`) values('143','70','mode','1','去过标签');
insert into `param_info` (`id`, `tag_param_id`, `name`, `value`, `description`) values('144','70','mode','0','非去过标签');
insert into `param_info` (`id`, `tag_param_id`, `name`, `value`, `description`) values('145','71','sum','','所有上框的总和');
insert into `param_info` (`id`, `tag_param_id`, `name`, `value`, `description`) values('146','72','type','0','修改');
insert into `param_info` (`id`, `tag_param_id`, `name`, `value`, `description`) values('147','72','type','1','提交');
insert into `param_info` (`id`, `tag_param_id`, `name`, `value`, `description`) values('148','73','type','1','确认');
insert into `param_info` (`id`, `tag_param_id`, `name`, `value`, `description`) values('149','73','type','0','取消');
insert into `param_info` (`id`, `tag_param_id`, `name`, `value`, `description`) values('150','74','type','1','去设置');
insert into `param_info` (`id`, `tag_param_id`, `name`, `value`, `description`) values('151','74','type','0','取消');
insert into `param_info` (`id`, `tag_param_id`, `name`, `value`, `description`) values('152','75','mode','1','在线请求');
insert into `param_info` (`id`, `tag_param_id`, `name`, `value`, `description`) values('153','75','mode','0','离线请求');
insert into `param_info` (`id`, `tag_param_id`, `name`, `value`, `description`) values('154','76','mode','1','在线结果');
insert into `param_info` (`id`, `tag_param_id`, `name`, `value`, `description`) values('155','76','mode','0','离线结果');
insert into `param_info` (`id`, `tag_param_id`, `name`, `value`, `description`) values('156','78','type','1','收藏');
insert into `param_info` (`id`, `tag_param_id`, `name`, `value`, `description`) values('157','78','type','0','取消收藏');
insert into `param_info` (`id`, `tag_param_id`, `name`, `value`, `description`) values('158','79','info','','主节点名称_X门');
insert into `param_info` (`id`, `tag_param_id`, `name`, `value`, `description`) values('159','80','type','1','路况打开');
insert into `param_info` (`id`, `tag_param_id`, `name`, `value`, `description`) values('160','80','type','0','路况关闭');
insert into `param_info` (`id`, `tag_param_id`, `name`, `value`, `description`) values('161','82','type','0','标准');
insert into `param_info` (`id`, `tag_param_id`, `name`, `value`, `description`) values('162','82','type','1','卫星');
insert into `param_info` (`id`, `tag_param_id`, `name`, `value`, `description`) values('163','82','type','2','三维');
insert into `param_info` (`id`, `tag_param_id`, `name`, `value`, `description`) values('164','82','type','3','路况看板');
insert into `param_info` (`id`, `tag_param_id`, `name`, `value`, `description`) values('165','83','type','0','3d市街图');
insert into `param_info` (`id`, `tag_param_id`, `name`, `value`, `description`) values('166','83','type','1','3d地图');
insert into `param_info` (`id`, `tag_param_id`, `name`, `value`, `description`) values('167','83','type','2','车头朝上');
insert into `param_info` (`id`, `tag_param_id`, `name`, `value`, `description`) values('168','83','type','3','北朝上');
insert into `param_info` (`id`, `tag_param_id`, `name`, `value`, `description`) values('169','84','type','0','车头朝上');
insert into `param_info` (`id`, `tag_param_id`, `name`, `value`, `description`) values('170','84','type','1','北朝上');
insert into `param_info` (`id`, `tag_param_id`, `name`, `value`, `description`) values('171','77','value','','记录设置等待时间值（秒）');